time,d,rssi
1650976503.0,9.0,77.0
1650976504.0,6.0,77.0
1650976504.0,1.0,53.0
1650976505.0,3.0,66.0
1650976505.0,9.0,78.0
1650976506.0,9.0,76.0
1650976507.0,1.0,53.0
1650976508.0,6.0,86.0
1650976508.0,3.0,65.0
1650976510.0,1.0,54.0
1650976511.0,3.0,65.0
1650976512.0,1.0,56.0
1650976513.0,6.0,78.0
1650976513.0,9.0,83.0
1650976514.0,3.0,72.0
1650976514.0,9.0,83.0
1650976515.0,6.0,78.0
1650976515.0,1.0,62.0
1650976515.0,3.0,66.0
1650976516.0,6.0,73.0
1650976516.0,9.0,82.0
1650976517.0,3.0,66.0
1650976517.0,9.0,80.0
1650976518.0,6.0,78.0
1650976518.0,1.0,56.0
1650976518.0,3.0,67.0
1650976519.0,6.0,87.0
1650976519.0,9.0,81.0
1650976520.0,3.0,66.0
1650976520.0,9.0,74.0
1650976520.0,6.0,76.0
1650976520.0,1.0,59.0
1650976520.0,3.0,62.0
1650976522.0,1.0,59.0
1650976522.0,9.0,77.0
1650976522.0,3.0,67.0
1650976523.0,6.0,75.0
1650976523.0,1.0,65.0
1650976524.0,6.0,72.0
1650976524.0,1.0,61.0
1650976526.0,6.0,73.0
1650976526.0,1.0,61.0
1650976527.0,3.0,65.0
1650976528.0,1.0,56.0
1650976529.0,9.0,76.0
1650976530.0,1.0,57.0
1650976530.0,3.0,65.0
1650976531.0,9.0,77.0
1650976531.0,6.0,75.0
1650976531.0,1.0,56.0
1650976531.0,3.0,61.0
1650976532.0,9.0,77.0
1650976532.0,3.0,61.0
1650976533.0,1.0,59.0
1650976534.0,6.0,76.0
1650976534.0,1.0,59.0
1650976534.0,3.0,67.0
1650976534.0,9.0,82.0
1650976535.0,3.0,61.0
1650976535.0,9.0,77.0
1650976536.0,1.0,60.0
1650976537.0,6.0,72.0
1650976537.0,3.0,87.0
1650976538.0,3.0,94.0
1650976539.0,1.0,66.0
1650976540.0,6.0,78.0
1650976540.0,3.0,65.0
1650976542.0,6.0,83.0
1650976542.0,9.0,78.0
1650976543.0,6.0,85.0
1650976543.0,1.0,56.0
1650976543.0,9.0,77.0
1650976544.0,1.0,59.0
1650976544.0,3.0,65.0
1650976545.0,9.0,82.0
1650976545.0,6.0,75.0
1650976545.0,1.0,59.0
1650976546.0,9.0,76.0
1650976547.0,6.0,75.0
1650976547.0,1.0,59.0
1650976548.0,6.0,73.0
1650976552.0,1.0,66.0
1650976552.0,9.0,76.0
1650976553.0,1.0,56.0
1650976553.0,3.0,65.0
1650976554.0,6.0,85.0
1650976554.0,9.0,77.0
1650976555.0,6.0,85.0
1650976555.0,3.0,66.0
1650976555.0,9.0,83.0
1650976556.0,3.0,66.0
1650976557.0,6.0,79.0
1650976557.0,1.0,60.0
1650976557.0,9.0,74.0
1650976558.0,6.0,75.0
1650976558.0,3.0,61.0
1650976559.0,1.0,60.0
1650976560.0,6.0,76.0
1650976561.0,9.0,81.0
1650976561.0,6.0,75.0
1650976561.0,1.0,60.0
1650976562.0,1.0,60.0
1650976562.0,9.0,86.0
1650976563.0,6.0,81.0
1650976563.0,3.0,84.0
1650976563.0,9.0,82.0
1650976744.0,9.0,76.0
1650976745.0,1.0,59.0
1650976745.0,3.0,63.0
1650976746.0,3.0,67.0
1650976747.0,1.0,59.0
1650976747.0,9.0,81.0
1650976748.0,6.0,75.0
1650976748.0,3.0,61.0
1650976748.0,3.0,63.0
1650976748.0,9.0,86.0
1650976750.0,6.0,70.0
1650976750.0,1.0,61.0
1650976750.0,6.0,70.0
1650976750.0,1.0,63.0
1650976750.0,3.0,63.0
1650976751.0,3.0,65.0
1650976752.0,1.0,65.0
1650976754.0,3.0,66.0
1650976755.0,6.0,76.0
1650976755.0,3.0,66.0
1650976756.0,9.0,80.0
1650976757.0,1.0,59.0
1650976758.0,6.0,89.0
1650976758.0,9.0,79.0
1650976759.0,3.0,65.0
1650976759.0,9.0,85.0
1650976759.0,1.0,59.0
1650976760.0,1.0,62.0
1650976761.0,3.0,63.0
1650976761.0,9.0,86.0
1650976762.0,3.0,67.0
1650976762.0,9.0,83.0
1650976763.0,6.0,80.0
1650976763.0,1.0,59.0
1650976764.0,3.0,66.0
1650976765.0,1.0,62.0
1650976766.0,6.0,70.0
1650976767.0,6.0,70.0
1650976767.0,3.0,62.0
1650976767.0,9.0,93.0
1650976768.0,6.0,88.0
1650976768.0,1.0,58.0
1650976768.0,9.0,80.0
1650976769.0,3.0,69.0
1650976769.0,9.0,80.0
1650976770.0,3.0,65.0
1650976771.0,6.0,83.0
1650976771.0,1.0,58.0
1650976771.0,9.0,81.0
1650976772.0,6.0,70.0
1650976772.0,3.0,68.0
1650976774.0,6.0,70.0
1650976775.0,6.0,69.0
1650976775.0,3.0,63.0
1650976775.0,9.0,85.0
1650976776.0,1.0,63.0
1650976776.0,3.0,67.0
1650976777.0,6.0,75.0
1650976777.0,3.0,67.0
1650976778.0,6.0,76.0
1650976778.0,1.0,65.0
1650976779.0,3.0,65.0
1650976780.0,6.0,85.0
1650976780.0,3.0,66.0
1650976781.0,1.0,58.0
1650976782.0,9.0,86.0
1650976783.0,6.0,85.0
1650976783.0,1.0,58.0
1650976783.0,3.0,66.0
1650976783.0,9.0,83.0
1650976784.0,3.0,66.0
1650976785.0,6.0,69.0
1650976785.0,1.0,68.0
1650976785.0,6.0,75.0
1650976785.0,1.0,62.0
1650976786.0,9.0,82.0
1650976787.0,1.0,63.0
1650976787.0,3.0,63.0
1650976788.0,6.0,69.0
1650976788.0,9.0,94.0
1650976789.0,1.0,66.0
1650976789.0,3.0,67.0
1650976790.0,1.0,73.0
1650976790.0,3.0,67.0
1650976791.0,3.0,67.0
1650976792.0,3.0,67.0
1650976793.0,9.0,88.0
1650976794.0,6.0,82.0
1650976794.0,1.0,58.0
1650976794.0,9.0,90.0
1650976794.0,3.0,66.0
1650976795.0,3.0,67.0
1650976796.0,6.0,81.0
1650976796.0,1.0,64.0
1650976797.0,6.0,70.0
1650976798.0,3.0,69.0
1650976798.0,9.0,85.0
1650976799.0,6.0,69.0
1650976799.0,3.0,63.0
1650976800.0,3.0,66.0
1650976801.0,6.0,76.0
1650976828.0,1.0,65.0
1650976843.0,3.0,65.0
1650976843.0,9.0,78.0
1650976844.0,6.0,81.0
1650976844.0,1.0,57.0
1650976845.0,9.0,83.0
1650976846.0,3.0,65.0
1650976847.0,1.0,70.0
1650976847.0,3.0,61.0
1650976847.0,9.0,82.0
1650976848.0,6.0,73.0
1650976849.0,1.0,60.0
1650976850.0,6.0,70.0
1650976850.0,3.0,63.0
1650976850.0,9.0,86.0
1650976852.0,6.0,76.0
1650976852.0,1.0,66.0
1650976852.0,3.0,72.0
1650976852.0,9.0,84.0
1650976853.0,6.0,77.0
1650976853.0,1.0,67.0
1650976853.0,3.0,66.0
1650976855.0,6.0,75.0
1650976855.0,3.0,65.0
1650976855.0,9.0,83.0
1650976857.0,6.0,80.0
1650976857.0,1.0,59.0
1650976858.0,3.0,70.0
1650976858.0,1.0,62.0
1650976859.0,6.0,79.0
1650976860.0,6.0,78.0
1650976860.0,1.0,62.0
1650976861.0,3.0,63.0
1650976862.0,6.0,79.0
1650976862.0,1.0,62.0
1650976863.0,6.0,75.0
1650976863.0,9.0,86.0
1650976864.0,3.0,66.0
1650976864.0,9.0,93.0
1650976865.0,6.0,81.0
1650976865.0,1.0,73.0
1650976866.0,3.0,73.0
1650976866.0,9.0,83.0
1650976867.0,3.0,65.0
1650976867.0,9.0,82.0
1650976869.0,6.0,80.0
1650976869.0,1.0,58.0
1650976869.0,3.0,66.0
1650976870.0,1.0,59.0
1650976870.0,3.0,65.0
1650976870.0,9.0,89.0
1650976871.0,6.0,71.0
1650976871.0,1.0,68.0
1650976872.0,3.0,70.0
1650976873.0,1.0,62.0
1650976873.0,3.0,64.0
1650976875.0,6.0,71.0
1650976875.0,1.0,62.0
1650976875.0,3.0,72.0
1650976875.0,9.0,92.0
1650976877.0,1.0,66.0
1650976877.0,3.0,72.0
1650976877.0,6.0,75.0
1650976877.0,9.0,88.0
1650976879.0,6.0,74.0
1650976879.0,1.0,59.0
1650976879.0,3.0,65.0
1650976880.0,6.0,85.0
1650976880.0,9.0,87.0
1650976881.0,3.0,65.0
1650976881.0,9.0,87.0
1650976882.0,1.0,58.0
1650976882.0,3.0,65.0
1650976883.0,6.0,71.0
1650976884.0,1.0,63.0
1650976884.0,3.0,63.0
1650976884.0,9.0,84.0
1650976885.0,1.0,63.0
1650976886.0,6.0,71.0
1650976887.0,1.0,62.0
1650976887.0,6.0,75.0
1650976887.0,3.0,66.0
1650976887.0,9.0,85.0
1650976889.0,6.0,80.0
1650976889.0,1.0,59.0
1650976889.0,3.0,64.0
1650976891.0,6.0,85.0
1650976891.0,1.0,59.0
1650976892.0,6.0,79.0
1650976892.0,1.0,63.0
1650976892.0,3.0,65.0
1650976893.0,3.0,64.0
1650976893.0,6.0,71.0
1650976893.0,9.0,86.0
1650976894.0,6.0,70.0
1650976894.0,1.0,71.0
1650976894.0,3.0,64.0
1650976896.0,6.0,75.0
1650976896.0,1.0,62.0
1650976896.0,3.0,63.0
1650976898.0,6.0,75.0
1650976898.0,1.0,66.0
1650976898.0,3.0,65.0
1650976898.0,9.0,86.0
1650976900.0,6.0,74.0
1650976900.0,1.0,58.0
1650976900.0,3.0,66.0
1650976902.0,6.0,85.0
1650976902.0,1.0,59.0
1650976902.0,3.0,66.0
1650976915.0,9.0,79.0
1650976918.0,3.0,71.0
1650976932.0,9.0,81.0
1650976933.0,1.0,68.0
1650976934.0,3.0,68.0
1650976935.0,9.0,77.0
1650976936.0,6.0,75.0
1650976936.0,1.0,59.0
1650976937.0,1.0,60.0
1650976939.0,1.0,63.0
1650976939.0,9.0,85.0
1650976940.0,1.0,65.0
1650976941.0,9.0,83.0
1650976942.0,6.0,74.0
1650976942.0,1.0,66.0
1650976942.0,3.0,65.0
1650976943.0,3.0,66.0
1650976943.0,9.0,82.0
1650976944.0,9.0,85.0
1650976945.0,6.0,79.0
1650976945.0,1.0,61.0
1650976945.0,3.0,71.0
1650976946.0,9.0,79.0
1650976947.0,1.0,56.0
1650976947.0,3.0,65.0
1650976948.0,1.0,57.0
1650976949.0,3.0,67.0
1650976949.0,9.0,83.0
1650976950.0,6.0,76.0
1650976950.0,9.0,85.0
1650976951.0,1.0,57.0
1650976951.0,3.0,64.0
1650976951.0,6.0,81.0
1650976951.0,3.0,63.0
1650976952.0,6.0,72.0
1650976953.0,1.0,62.0
1650976953.0,3.0,63.0
1650976954.0,1.0,69.0
1650976955.0,6.0,72.0
1650976955.0,3.0,64.0
1650976956.0,6.0,77.0
1650976956.0,1.0,63.0
1650976957.0,1.0,68.0
1650976957.0,3.0,81.0
1650976958.0,6.0,86.0
1650976958.0,1.0,64.0
1650976959.0,1.0,64.0
1650976959.0,3.0,68.0
1650976960.0,6.0,83.0
1650976960.0,3.0,70.0
1650976960.0,9.0,79.0
1650976961.0,6.0,85.0
1650976961.0,3.0,67.0
1650976962.0,1.0,57.0
1650976963.0,6.0,86.0
1650976963.0,3.0,67.0
1650976963.0,9.0,82.0
1650976963.0,6.0,85.0
1650976964.0,3.0,61.0
1650976965.0,6.0,71.0
1650976965.0,1.0,61.0
1650976965.0,3.0,67.0
1650976966.0,6.0,71.0
1650976966.0,9.0,91.0
1650976967.0,3.0,69.0
1650976968.0,9.0,87.0
1650976969.0,6.0,80.0
1650976969.0,1.0,68.0
1650976969.0,9.0,86.0
1650976970.0,1.0,69.0
1650976971.0,3.0,67.0
1650976971.0,9.0,85.0
1650976972.0,6.0,76.0
1650976972.0,9.0,85.0
1650976973.0,1.0,59.0
1650976974.0,3.0,67.0
1650976974.0,6.0,80.0
1650976974.0,9.0,86.0
1650976976.0,9.0,97.0
1650976977.0,3.0,61.0
1650976978.0,6.0,74.0
1650976978.0,1.0,62.0
1650976978.0,3.0,67.0
1650976980.0,1.0,62.0
1650976980.0,3.0,64.0
1650976980.0,6.0,83.0
1650976980.0,1.0,68.0
1650976980.0,9.0,82.0
1650976982.0,3.0,75.0
1650976982.0,9.0,81.0
1650976983.0,6.0,77.0
1650976983.0,1.0,63.0
1650976983.0,3.0,68.0
1650976983.0,9.0,83.0
1650976986.0,6.0,85.0
1650976986.0,1.0,57.0
1650976986.0,9.0,85.0
1650976987.0,6.0,80.0
1650976987.0,9.0,90.0
1650976988.0,9.0,84.0
1650976989.0,6.0,69.0
1650976989.0,1.0,61.0
1650976989.0,3.0,61.0
1650976989.0,1.0,62.0
1650977029.0,1.0,57.0
1650977030.0,6.0,86.0
1650977031.0,9.0,81.0
1650977032.0,6.0,81.0
1650977032.0,1.0,56.0
1650977032.0,3.0,66.0
1650977033.0,1.0,63.0
1650977034.0,3.0,63.0
1650977034.0,9.0,81.0
1650977035.0,1.0,60.0
1650977035.0,3.0,64.0
1650977036.0,9.0,79.0
1650977037.0,6.0,69.0
1650977037.0,3.0,62.0
1650977037.0,9.0,81.0
1650977038.0,1.0,58.0
1650977038.0,3.0,71.0
1650977039.0,6.0,77.0
1650977040.0,1.0,56.0
1650977040.0,3.0,67.0
1650977041.0,1.0,55.0
1650977041.0,3.0,66.0
1650977042.0,9.0,74.0
1650977043.0,6.0,83.0
1650977043.0,3.0,61.0
1650977043.0,9.0,75.0
1650977044.0,1.0,65.0
1650977045.0,6.0,76.0
1650977046.0,6.0,69.0
1650977046.0,1.0,56.0
1650977046.0,9.0,77.0
1650977047.0,1.0,63.0
1650977048.0,3.0,72.0
1650977048.0,9.0,80.0
1650977049.0,6.0,76.0
1650977049.0,3.0,64.0
1650977049.0,9.0,80.0
1650977051.0,1.0,63.0
1650977051.0,3.0,66.0
1650977053.0,3.0,71.0
1650977053.0,9.0,84.0
1650977054.0,1.0,58.0
1650977055.0,6.0,85.0
1650977055.0,3.0,62.0
1650977055.0,9.0,81.0
1650977056.0,3.0,64.0
1650977056.0,9.0,77.0
1650977057.0,1.0,55.0
1650977058.0,1.0,57.0
1650977058.0,3.0,65.0
1650977058.0,9.0,85.0
1650977059.0,6.0,70.0
1650977059.0,3.0,61.0
1650977061.0,6.0,71.0
1650977061.0,1.0,69.0
1650977061.0,3.0,62.0
1650977062.0,9.0,85.0
1650977064.0,6.0,79.0
1650977064.0,1.0,64.0
1650977064.0,3.0,66.0
1650977064.0,9.0,85.0
1650977065.0,9.0,81.0
1650977067.0,6.0,81.0
1650977067.0,1.0,67.0
1650977067.0,3.0,67.0
1650977067.0,3.0,67.0
1650977067.0,9.0,85.0
1650977068.0,6.0,81.0
1650977068.0,9.0,84.0
1650977069.0,1.0,59.0
1650977070.0,3.0,66.0
1650977070.0,9.0,88.0
1650977071.0,6.0,79.0
1650977071.0,1.0,63.0
1650977072.0,3.0,60.0
1650977074.0,6.0,71.0
1650977074.0,3.0,63.0
1650977075.0,1.0,63.0
1650977075.0,3.0,61.0
1650977076.0,6.0,85.0
1650977076.0,1.0,65.0
1650977077.0,1.0,69.0
1650977078.0,6.0,77.0
1650977078.0,3.0,66.0
1650977079.0,6.0,77.0
1650977079.0,9.0,85.0
1650977081.0,1.0,56.0
1650977081.0,6.0,91.0
1650977081.0,3.0,65.0
1650977081.0,9.0,84.0
1650977083.0,6.0,83.0
1650977083.0,1.0,57.0
1650977083.0,9.0,90.0
1650977084.0,3.0,61.0
1650977084.0,9.0,94.0
1650977085.0,6.0,70.0
1650977085.0,1.0,59.0
1650977086.0,3.0,61.0
1650977087.0,6.0,69.0
1650977087.0,1.0,63.0
1650977087.0,3.0,61.0
1650977088.0,6.0,78.0
1650977089.0,1.0,65.0
1650977097.0,1.0,55.0
1650977097.0,3.0,68.0
1650977097.0,3.0,63.0
1650977098.0,1.0,57.0
1650977098.0,9.0,81.0
1650977099.0,6.0,82.0
1650977099.0,1.0,57.0
1650977099.0,3.0,65.0
1650977099.0,9.0,80.0
1650977111.0,9.0,79.0
1650977113.0,1.0,60.0
1650977113.0,3.0,64.0
1650977114.0,6.0,76.0
1650977114.0,9.0,80.0
1650977114.0,6.0,78.0
1650977115.0,1.0,61.0
1650977115.0,9.0,77.0
1650977116.0,3.0,64.0
1650977116.0,6.0,79.0
1650977116.0,1.0,64.0
1650977116.0,3.0,63.0
1650977117.0,6.0,73.0
1650977118.0,1.0,60.0
1650977119.0,3.0,64.0
1650977119.0,9.0,90.0
1650977120.0,6.0,70.0
1650977120.0,1.0,61.0
1650977121.0,1.0,69.0
1650977122.0,1.0,72.0
1650977122.0,3.0,67.0
1650977123.0,6.0,85.0
1650977123.0,1.0,66.0
1650977124.0,1.0,61.0
1650977124.0,3.0,79.0
1650977125.0,3.0,65.0
1650977125.0,9.0,84.0
1650977126.0,6.0,83.0
1650977126.0,1.0,56.0
1650977376.0,1.0,62.0
1650977377.0,6.0,80.0
1650977377.0,3.0,65.0
1650977378.0,1.0,61.0
1650977378.0,3.0,72.0
1650977378.0,9.0,76.0
1650977379.0,1.0,56.0
1650977380.0,6.0,80.0
1650977380.0,3.0,65.0
1650977380.0,9.0,76.0
1650977381.0,9.0,82.0
1650977382.0,6.0,72.0
1650977382.0,1.0,57.0
1650977382.0,3.0,67.0
1650977383.0,3.0,66.0
1650977383.0,9.0,82.0
1650977384.0,1.0,67.0
1650977385.0,6.0,83.0
1650977385.0,3.0,74.0
1650977386.0,3.0,71.0
1650977386.0,9.0,85.0
1650977387.0,1.0,58.0
1650977388.0,3.0,63.0
1650977389.0,9.0,90.0
1650977390.0,6.0,78.0
1650977390.0,1.0,62.0
1650977390.0,3.0,65.0
1650977392.0,3.0,68.0
1650977393.0,6.0,77.0
1650977393.0,1.0,57.0
1650977394.0,6.0,68.0
1650977394.0,3.0,71.0
1650977394.0,9.0,79.0
1650977395.0,9.0,78.0
1650977396.0,6.0,89.0
1650977396.0,1.0,53.0
1650977396.0,3.0,67.0
1650977397.0,1.0,59.0
1650977397.0,3.0,65.0
1650977399.0,6.0,83.0
1650977399.0,1.0,59.0
1650977399.0,9.0,85.0
1650977400.0,6.0,83.0
1650977400.0,3.0,66.0
1650977400.0,9.0,82.0
1650977402.0,1.0,51.0
1650977402.0,9.0,73.0
1650977403.0,6.0,77.0
1650977403.0,3.0,69.0
1650977403.0,9.0,73.0
1650977405.0,1.0,51.0
1650977405.0,9.0,75.0
1650977406.0,6.0,69.0
1650977406.0,3.0,65.0
1650977406.0,9.0,75.0
1650977407.0,1.0,49.0
1650977408.0,6.0,68.0
1650977408.0,3.0,65.0
1650977408.0,9.0,75.0
1650977409.0,6.0,78.0
1650977409.0,1.0,56.0
1650977409.0,3.0,66.0
1650977411.0,6.0,78.0
1650977411.0,1.0,56.0
1650977411.0,3.0,66.0
1650977411.0,9.0,86.0
1650977412.0,6.0,79.0
1650977412.0,1.0,56.0
1650977412.0,3.0,72.0
1650977414.0,6.0,77.0
1650977414.0,1.0,53.0
1650977414.0,9.0,74.0
1650977415.0,6.0,76.0
1650977415.0,3.0,72.0
1650977415.0,1.0,58.0
1650977416.0,9.0,75.0
1650977417.0,3.0,63.0
1650977417.0,9.0,84.0
1650977418.0,1.0,56.0
1650977419.0,6.0,72.0
1650977419.0,3.0,65.0
1650977419.0,6.0,76.0
1650977419.0,3.0,63.0
1650977419.0,9.0,80.0
1650977421.0,9.0,86.0
1650977422.0,1.0,68.0
1650977424.0,6.0,78.0
1650977424.0,1.0,66.0
1650977424.0,3.0,72.0
1650977424.0,9.0,84.0
1650977425.0,6.0,84.0
1650977425.0,3.0,71.0
1650977425.0,9.0,79.0
1650977426.0,6.0,78.0
1650977426.0,3.0,65.0
1650977428.0,6.0,84.0
1650977428.0,1.0,56.0
1650977428.0,9.0,75.0
1650977429.0,6.0,83.0
1650977429.0,3.0,63.0
1650977430.0,9.0,74.0
1650977431.0,6.0,81.0
1650977431.0,1.0,56.0
1650977431.0,9.0,79.0
1650977432.0,6.0,85.0
1650977432.0,1.0,57.0
1650977432.0,3.0,63.0
1650977433.0,9.0,75.0
1650977434.0,6.0,69.0
1650977434.0,1.0,54.0
1650977434.0,9.0,77.0
1650977435.0,1.0,57.0
1650977436.0,6.0,75.0
1650977436.0,3.0,63.0
1650977436.0,9.0,90.0
1650977437.0,6.0,84.0
1650977437.0,1.0,65.0
1650977437.0,3.0,75.0
1650977438.0,1.0,71.0
1650977439.0,6.0,81.0
1650977439.0,3.0,71.0
1650977439.0,9.0,101.0
1650977440.0,6.0,83.0
1650977440.0,3.0,66.0
1650977441.0,9.0,78.0
1650977442.0,1.0,60.0
1650977442.0,3.0,66.0
1650977442.0,9.0,77.0
1650977443.0,1.0,60.0
1650977444.0,3.0,66.0
1650977444.0,1.0,56.0
1650977445.0,6.0,73.0
1650977446.0,3.0,63.0
1650977459.0,3.0,70.0
1650977459.0,1.0,68.0
1650977459.0,9.0,83.0
1650977460.0,1.0,63.0
1650977461.0,6.0,77.0
1650977461.0,3.0,72.0
1650977462.0,3.0,65.0
1650977462.0,9.0,77.0
1650977463.0,6.0,70.0
1650977463.0,1.0,55.0
1650977463.0,6.0,72.0
1650977463.0,9.0,79.0
1650977464.0,1.0,56.0
1650977464.0,3.0,64.0
1650977465.0,9.0,82.0
1650977466.0,6.0,71.0
1650977466.0,1.0,55.0
1650977466.0,6.0,84.0
1650977467.0,1.0,63.0
1650977467.0,3.0,64.0
1650977468.0,6.0,90.0
1650977468.0,1.0,63.0
1650977468.0,9.0,95.0
1650977470.0,3.0,67.0
1650977471.0,1.0,59.0
1650977471.0,3.0,67.0
1650977471.0,9.0,80.0
1650977472.0,6.0,88.0
1650977472.0,1.0,59.0
1650977473.0,1.0,60.0
1650977473.0,3.0,66.0
1650977474.0,6.0,83.0
1650977475.0,6.0,76.0
1650977475.0,1.0,56.0
1650977475.0,9.0,83.0
1650977476.0,3.0,68.0
1650977476.0,1.0,56.0
1650977477.0,6.0,69.0
1650977477.0,9.0,85.0
1650977478.0,1.0,63.0
1650977478.0,3.0,63.0
1650977479.0,3.0,64.0
1650977479.0,1.0,61.0
1650977482.0,3.0,65.0
1650977483.0,6.0,84.0
1650977483.0,1.0,58.0
1650977484.0,6.0,76.0
1650977484.0,3.0,66.0
1650977484.0,9.0,79.0
1650977486.0,6.0,80.0
1650977486.0,1.0,57.0
1650977486.0,9.0,77.0
1650977487.0,1.0,54.0
1650977487.0,3.0,63.0
1650977488.0,6.0,79.0
1650977488.0,9.0,78.0
1650977489.0,6.0,77.0
1650977489.0,3.0,65.0
1650977490.0,3.0,66.0
1650977490.0,9.0,80.0
1650977491.0,1.0,57.0
1650977492.0,1.0,56.0
1650977492.0,9.0,79.0
1650977492.0,6.0,80.0
1650977492.0,3.0,69.0
1650977493.0,3.0,70.0
1650977495.0,6.0,76.0
1650977495.0,1.0,57.0
1650977495.0,3.0,63.0
1650977495.0,9.0,81.0
1650977495.0,9.0,85.0
1650977496.0,6.0,83.0
1650977496.0,1.0,67.0
1650977498.0,6.0,81.0
1650977498.0,3.0,71.0
1650977498.0,9.0,85.0
1650977499.0,6.0,86.0
1650977499.0,1.0,67.0
1650977499.0,3.0,71.0
1650977501.0,6.0,80.0
1650977501.0,1.0,61.0
1650977501.0,3.0,64.0
1650977501.0,9.0,72.0
1650977502.0,1.0,67.0
1650977515.0,3.0,65.0
1650977516.0,9.0,81.0
1650977517.0,6.0,76.0
1650977517.0,3.0,63.0
1650977518.0,3.0,64.0
1650977519.0,1.0,55.0
1650977520.0,6.0,69.0
1650977520.0,3.0,63.0
1650977521.0,1.0,60.0
1650977521.0,9.0,83.0
1650977522.0,9.0,88.0
1650977523.0,6.0,85.0
1650977523.0,1.0,55.0
1650977523.0,3.0,64.0
1650977524.0,3.0,68.0
1650977524.0,9.0,94.0
1650977525.0,1.0,63.0
1650977525.0,6.0,85.0
1650977525.0,1.0,63.0
1650977525.0,3.0,64.0
1650977526.0,9.0,88.0
1650977527.0,6.0,83.0
1650977527.0,3.0,64.0
1650977527.0,9.0,81.0
1650977527.0,1.0,57.0
1650977529.0,6.0,79.0
1650977529.0,9.0,85.0
1650977530.0,6.0,79.0
1650977530.0,1.0,58.0
1650977530.0,9.0,82.0
1650977531.0,6.0,71.0
1650977531.0,3.0,63.0
1650977532.0,1.0,54.0
1650977532.0,3.0,63.0
1650977532.0,9.0,82.0
1650977533.0,9.0,87.0
1650977533.0,6.0,71.0
1650977533.0,1.0,55.0
1650977534.0,6.0,72.0
1650977534.0,3.0,70.0
1650977535.0,9.0,87.0
1650977536.0,1.0,63.0
1650977537.0,6.0,85.0
1650977538.0,6.0,85.0
1650977538.0,3.0,64.0
1650977538.0,9.0,86.0
1650977538.0,1.0,63.0
1650977539.0,6.0,79.0
1650977539.0,1.0,58.0
1650977539.0,3.0,67.0
1650977540.0,6.0,79.0
1650977540.0,9.0,85.0
1650977541.0,3.0,67.0
1650977542.0,1.0,58.0
1650977543.0,9.0,80.0
1650977544.0,6.0,71.0
1650977544.0,1.0,55.0
1650977545.0,3.0,63.0
1650977545.0,6.0,71.0
1650977545.0,1.0,54.0
1650977545.0,3.0,69.0
1650977546.0,9.0,81.0
1650977546.0,6.0,71.0
1650977547.0,1.0,63.0
1650977547.0,3.0,64.0
1650977548.0,9.0,79.0
1650977549.0,1.0,58.0
1650977549.0,3.0,67.0
1650977549.0,6.0,87.0
1650977549.0,3.0,67.0
1650977551.0,1.0,57.0
1650977551.0,9.0,82.0
1650977552.0,6.0,78.0
1650977553.0,3.0,63.0
1650977553.0,9.0,81.0
1650977554.0,6.0,75.0
1650977554.0,1.0,55.0
1650977555.0,3.0,65.0
1650977556.0,6.0,71.0
1650977556.0,3.0,63.0
1650977556.0,9.0,83.0
1650977557.0,6.0,77.0
1650977557.0,1.0,61.0
1650977558.0,3.0,75.0
1650977559.0,3.0,65.0
1650977560.0,6.0,84.0
1650977560.0,1.0,65.0
1650977561.0,3.0,73.0
1650977561.0,9.0,74.0
1650977562.0,6.0,80.0
1650977562.0,3.0,69.0
1650977563.0,9.0,77.0
1650977564.0,1.0,61.0
1650977575.0,9.0,85.0
1650977576.0,3.0,63.0
1650977576.0,9.0,79.0
1650977577.0,6.0,75.0
1650977577.0,1.0,60.0
1650977577.0,9.0,81.0
1650977578.0,3.0,65.0
1650977578.0,1.0,68.0
1650977578.0,3.0,65.0
1650977579.0,9.0,79.0
1650977580.0,6.0,77.0
1650977580.0,1.0,63.0
1650977581.0,1.0,74.0
1650977581.0,3.0,63.0
1650977582.0,6.0,79.0
1650977582.0,3.0,62.0
1650977584.0,1.0,63.0
1650977584.0,3.0,79.0
1650977585.0,9.0,87.0
1650977586.0,6.0,77.0
1650977586.0,1.0,61.0
1650977586.0,3.0,63.0
1650977587.0,9.0,86.0
1650977588.0,1.0,60.0
1650977588.0,1.0,60.0
1650977588.0,9.0,80.0
1650977589.0,3.0,67.0
1650977590.0,9.0,75.0
1650977591.0,6.0,87.0
1650977591.0,1.0,59.0
1650977591.0,1.0,60.0
1650977591.0,3.0,63.0
1650977593.0,6.0,71.0
1650977593.0,1.0,65.0
1650977593.0,3.0,59.0
1650977593.0,9.0,80.0
1650977595.0,3.0,61.0
1650977596.0,1.0,62.0
1650977597.0,6.0,84.0
1650977597.0,3.0,65.0
1650977598.0,3.0,68.0
1650977598.0,1.0,61.0
1650977599.0,1.0,70.0
1650977600.0,6.0,84.0
1650977601.0,1.0,59.0
1650977601.0,3.0,71.0
1650977602.0,6.0,83.0
1650977602.0,6.0,84.0
1650977602.0,1.0,59.0
1650977602.0,3.0,65.0
1650977602.0,9.0,79.0
1650977604.0,3.0,66.0
1650977605.0,1.0,55.0
1650977605.0,6.0,73.0
1650977605.0,1.0,56.0
1650977605.0,9.0,83.0
1650977606.0,3.0,62.0
1650977607.0,1.0,56.0
1650977608.0,6.0,73.0
1650977608.0,9.0,80.0
1650977609.0,1.0,59.0
1650977609.0,3.0,65.0
1650977610.0,1.0,59.0
1650977611.0,6.0,82.0
1650977611.0,9.0,79.0
1650977612.0,3.0,73.0
1650977614.0,1.0,55.0
1650977614.0,9.0,83.0
1650977614.0,3.0,62.0
1650977614.0,9.0,82.0
1650977616.0,6.0,73.0
1650977616.0,1.0,61.0
1650977616.0,6.0,83.0
1650977616.0,1.0,63.0
1650977617.0,3.0,67.0
1650977618.0,1.0,62.0
1650977619.0,6.0,83.0
1650977620.0,1.0,67.0
1650977620.0,9.0,80.0
1650977621.0,3.0,66.0
1650977622.0,6.0,82.0
1650977622.0,1.0,59.0
1650977623.0,6.0,82.0
1650977623.0,3.0,66.0
1650977624.0,1.0,64.0
1650977624.0,3.0,66.0
1650977625.0,6.0,73.0
1650977625.0,9.0,82.0
1650977626.0,3.0,68.0
1650977626.0,6.0,72.0
1650977626.0,1.0,61.0
1650977626.0,3.0,63.0
1650977627.0,6.0,81.0
1650977627.0,9.0,82.0
1650977628.0,9.0,81.0
1650977629.0,1.0,63.0
1650977629.0,3.0,67.0
1650977630.0,3.0,73.0
1650977631.0,6.0,83.0
1650977631.0,1.0,63.0
1650977631.0,3.0,67.0
1650977632.0,1.0,63.0
1650977633.0,6.0,83.0
1650977633.0,3.0,65.0
1650977635.0,6.0,87.0
1650977635.0,1.0,59.0
1650977635.0,9.0,79.0
1650977642.0,6.0,79.0
1650977643.0,1.0,55.0
1650977643.0,3.0,67.0
1650977652.0,1.0,51.0
1650977653.0,6.0,73.0
1650977654.0,3.0,68.0
1650977655.0,6.0,89.0
1650977655.0,1.0,59.0
1650977655.0,9.0,78.0
1650977656.0,3.0,68.0
1650977656.0,6.0,76.0
1650977656.0,9.0,83.0
1650977657.0,3.0,63.0
1650977658.0,6.0,76.0
1650977658.0,1.0,56.0
1650977659.0,3.0,65.0
1650977660.0,1.0,56.0
1650977661.0,6.0,82.0
1650977661.0,1.0,68.0
1650977662.0,3.0,67.0
1650977664.0,6.0,83.0
1650977664.0,1.0,63.0
1650977664.0,9.0,104.0
1650977665.0,3.0,66.0
1650977666.0,6.0,83.0
1650977666.0,1.0,59.0
1650977666.0,9.0,79.0
1650977667.0,3.0,66.0
1650977667.0,9.0,80.0
1650977668.0,1.0,65.0
1650977668.0,9.0,79.0
1650977670.0,3.0,70.0
1650977670.0,1.0,59.0
1650977671.0,6.0,83.0
1650977671.0,1.0,59.0
1650977671.0,9.0,79.0
1650977672.0,3.0,65.0
1650977673.0,6.0,73.0
1650977673.0,9.0,86.0
1650977674.0,1.0,55.0
1650977674.0,1.0,55.0
1650977675.0,3.0,63.0
1650977675.0,9.0,81.0
1650977676.0,1.0,63.0
1650977676.0,3.0,63.0
1650977677.0,6.0,89.0
1650977677.0,1.0,62.0
1650977679.0,1.0,68.0
1650977680.0,6.0,83.0
1650977681.0,9.0,79.0
1650977682.0,3.0,66.0
1650977683.0,6.0,83.0
1650977683.0,1.0,63.0
1650977684.0,3.0,65.0
1650977684.0,6.0,73.0
1650977685.0,3.0,68.0
1650977686.0,6.0,79.0
1650977687.0,3.0,76.0
1650977688.0,6.0,68.0
1650977688.0,1.0,66.0
1650977689.0,6.0,85.0
1650977689.0,3.0,68.0
1650977689.0,9.0,88.0
1650977691.0,1.0,58.0
1650977692.0,6.0,80.0
1650977692.0,3.0,67.0
1650977693.0,3.0,60.0
1650977693.0,9.0,75.0
1650977693.0,1.0,53.0
1650977694.0,6.0,75.0
1650977694.0,9.0,77.0
1650977695.0,6.0,72.0
1650977695.0,1.0,53.0
1650977695.0,3.0,68.0
1650977695.0,9.0,75.0
1650977704.0,3.0,66.0
1650977704.0,1.0,51.0
1650977705.0,6.0,72.0
1650977705.0,9.0,79.0
1650977707.0,3.0,64.0
1650977707.0,9.0,77.0
1650977708.0,6.0,75.0
1650977708.0,1.0,61.0
1650977708.0,9.0,76.0
1650977709.0,1.0,54.0
1650977709.0,3.0,63.0
1650977710.0,6.0,83.0
1650977710.0,9.0,80.0
1650977711.0,6.0,75.0
1650977711.0,1.0,60.0
1650977711.0,9.0,77.0
1650977713.0,6.0,82.0
1650977713.0,3.0,64.0
1650977713.0,1.0,65.0
1650977715.0,6.0,81.0
1650977715.0,3.0,79.0
1650977715.0,1.0,61.0
1650977716.0,6.0,79.0
1650977716.0,9.0,76.0
1650977717.0,1.0,65.0
1650977717.0,3.0,63.0
1650977718.0,3.0,68.0
1650977718.0,9.0,80.0
1650977719.0,6.0,80.0
1650977719.0,1.0,67.0
1650977719.0,9.0,80.0
1650977720.0,6.0,79.0
1650977720.0,3.0,62.0
1650977721.0,1.0,52.0
1650977722.0,6.0,73.0
1650977723.0,6.0,71.0
1650977723.0,3.0,64.0
1650977723.0,9.0,79.0
1650977723.0,1.0,52.0
1650977724.0,9.0,85.0
1650977726.0,6.0,82.0
1650977726.0,1.0,57.0
1650977726.0,3.0,66.0
1650977727.0,1.0,56.0
1650977728.0,6.0,78.0
1650977728.0,1.0,60.0
1650977729.0,9.0,75.0
1650977729.0,1.0,52.0
1650977730.0,3.0,66.0
1650977731.0,3.0,66.0
1650977732.0,1.0,57.0
1650977732.0,9.0,75.0
1650977733.0,6.0,78.0
1650977734.0,6.0,67.0
1650977734.0,1.0,51.0
1650977734.0,9.0,77.0
1650977735.0,1.0,49.0
1650977736.0,6.0,67.0
1650977736.0,3.0,65.0
1650977737.0,1.0,57.0
1650977737.0,3.0,65.0
1650977738.0,6.0,81.0
1650977738.0,1.0,63.0
1650977738.0,6.0,81.0
1650977738.0,3.0,66.0
1650977740.0,3.0,70.0
1650977740.0,9.0,88.0
1650977741.0,6.0,78.0
1650977741.0,1.0,72.0
1650977741.0,9.0,80.0
1650977742.0,1.0,65.0
1650977742.0,3.0,66.0
1650977743.0,3.0,64.0
1650977743.0,9.0,85.0
1650977744.0,6.0,81.0
1650977744.0,1.0,65.0
1650977744.0,9.0,81.0
1650977745.0,1.0,57.0
1650977745.0,3.0,69.0
1650977746.0,9.0,79.0
1650977747.0,6.0,78.0
1650977747.0,1.0,59.0
1650977747.0,9.0,85.0
1650977748.0,1.0,56.0
1650977748.0,3.0,61.0
1650977749.0,1.0,66.0
1650977760.0,3.0,65.0
1650977761.0,1.0,58.0
1650977762.0,3.0,68.0
1650977763.0,6.0,71.0
1650977764.0,1.0,59.0
1650977764.0,6.0,67.0
1650977764.0,3.0,66.0
1650977764.0,9.0,77.0
1650977766.0,1.0,55.0
1650977766.0,3.0,72.0
1650977766.0,6.0,71.0
1650977767.0,6.0,73.0
1650977767.0,1.0,53.0
1650977767.0,3.0,63.0
1650977768.0,3.0,65.0
1650977769.0,6.0,84.0
1650977770.0,3.0,66.0
1650977771.0,9.0,94.0
1650977772.0,6.0,78.0
1650977772.0,1.0,57.0
1650977772.0,9.0,79.0
1650977773.0,1.0,57.0
1650977773.0,3.0,66.0
1650977775.0,9.0,79.0
1650977775.0,6.0,78.0
1650977775.0,3.0,65.0
1650977776.0,1.0,54.0
1650977776.0,3.0,67.0
1650977777.0,6.0,75.0
1650977778.0,1.0,56.0
1650977779.0,6.0,73.0
1650977779.0,3.0,62.0
1650977779.0,9.0,77.0
1650977781.0,1.0,66.0
1650977783.0,3.0,72.0
1650977783.0,9.0,84.0
1650977784.0,1.0,59.0
1650977786.0,3.0,65.0
1650977786.0,9.0,80.0
1650977786.0,6.0,78.0
1650977786.0,1.0,58.0
1650977786.0,9.0,79.0
1650977787.0,1.0,59.0
1650977787.0,3.0,64.0
1650977787.0,9.0,79.0
1650977788.0,9.0,79.0
1650977789.0,6.0,75.0
1650977789.0,1.0,56.0
1650977789.0,3.0,67.0
1650977789.0,9.0,81.0
1650977790.0,6.0,80.0
1650977790.0,9.0,78.0
1650977791.0,6.0,81.0
1650977791.0,1.0,57.0
1650977791.0,9.0,83.0
1650977793.0,3.0,63.0
1650977793.0,9.0,78.0
1650977793.0,6.0,71.0
1650977794.0,1.0,55.0
1650977794.0,9.0,81.0
1650977794.0,6.0,72.0
1650977795.0,1.0,55.0
1650977795.0,3.0,63.0
1650977796.0,6.0,82.0
1650977797.0,1.0,64.0
1650977798.0,6.0,83.0
1650977798.0,3.0,70.0
1650977800.0,6.0,83.0
1650977800.0,1.0,71.0
1650977801.0,6.0,76.0
1650977802.0,1.0,57.0
1650977802.0,3.0,72.0
1650977803.0,6.0,77.0
1650977803.0,9.0,86.0
1650977803.0,6.0,75.0
1650977803.0,1.0,60.0
1650977803.0,3.0,68.0
1650977803.0,9.0,78.0
1650977805.0,3.0,62.0
1650977805.0,6.0,70.0
1650977805.0,1.0,60.0
1650977806.0,1.0,56.0
1650977807.0,3.0,71.0
1650977808.0,1.0,56.0
1650977809.0,6.0,69.0
1650977809.0,9.0,79.0
1650977809.0,3.0,64.0
1650977811.0,1.0,59.0
1650977811.0,6.0,88.0
1650977812.0,3.0,65.0
1650977813.0,1.0,57.0
1650977813.0,6.0,77.0
1650977813.0,9.0,80.0
1650977814.0,6.0,76.0
1650977814.0,1.0,59.0
1650977814.0,9.0,81.0
1650977816.0,1.0,58.0
1650977816.0,3.0,64.0
1650977817.0,6.0,82.0
1650977817.0,9.0,76.0
1650977817.0,6.0,71.0
1650977817.0,1.0,59.0
1650977818.0,3.0,66.0
1650977819.0,1.0,57.0
1650977820.0,6.0,83.0
1650977820.0,3.0,61.0
1650977820.0,9.0,82.0
1650977830.0,9.0,80.0
1650977831.0,6.0,78.0
1650977831.0,1.0,59.0
1650977831.0,3.0,63.0
1650977832.0,6.0,84.0
1650977832.0,9.0,74.0
1650977832.0,3.0,71.0
1650977833.0,1.0,60.0
1650977834.0,6.0,83.0
1650977834.0,3.0,68.0
1650977834.0,9.0,77.0
1650977835.0,1.0,60.0
1650977835.0,3.0,63.0
1650977836.0,1.0,55.0
1650977837.0,6.0,77.0
1650977837.0,9.0,81.0
1650977838.0,1.0,54.0
1650977839.0,6.0,84.0
1650977839.0,3.0,64.0
1650977840.0,6.0,83.0
1650977840.0,3.0,64.0
1650977841.0,9.0,89.0
1650977842.0,3.0,64.0
1650977842.0,6.0,78.0
1650977842.0,1.0,58.0
1650977842.0,9.0,83.0
1650977843.0,1.0,57.0
1650977844.0,9.0,87.0
1650977845.0,6.0,79.0
1650977845.0,3.0,67.0
1650977845.0,1.0,58.0
1650977845.0,9.0,82.0
1650977847.0,6.0,78.0
1650977847.0,1.0,54.0
1650977847.0,3.0,63.0
1650977848.0,1.0,57.0
1650977849.0,6.0,79.0
1650977849.0,3.0,67.0
1650977849.0,9.0,81.0
1650977850.0,1.0,61.0
1650977851.0,3.0,71.0
1650977851.0,1.0,58.0
1650977851.0,9.0,85.0
1650977852.0,6.0,79.0
1650977852.0,1.0,54.0
1650977852.0,3.0,67.0
1650977853.0,9.0,83.0
1650977853.0,9.0,82.0
1650977854.0,1.0,54.0
1650977855.0,3.0,63.0
1650977855.0,6.0,71.0
1650977855.0,1.0,59.0
1650977856.0,9.0,92.0
1650977857.0,1.0,63.0
1650977857.0,3.0,64.0
1650977858.0,6.0,89.0
1650977858.0,3.0,64.0
1650977860.0,6.0,78.0
1650977860.0,1.0,57.0
1650977860.0,3.0,67.0
1650977860.0,9.0,81.0
1650977861.0,1.0,58.0
1650977862.0,6.0,79.0
1650977862.0,9.0,87.0
1650977863.0,6.0,85.0
1650977863.0,3.0,67.0
1650977863.0,1.0,57.0
1650977863.0,3.0,67.0
1650977864.0,1.0,54.0
1650977866.0,9.0,81.0
1650977867.0,6.0,75.0
1650977867.0,1.0,54.0
1650977867.0,3.0,63.0
1650977867.0,1.0,59.0
1650977869.0,1.0,63.0
1650977869.0,3.0,64.0
1650977869.0,9.0,93.0
1650977871.0,1.0,68.0
1650977871.0,9.0,87.0
1650977872.0,6.0,90.0
1650977872.0,3.0,64.0
1650977873.0,3.0,67.0
1650977873.0,9.0,82.0
1650977874.0,6.0,86.0
1650977875.0,1.0,64.0
1650977875.0,3.0,67.0
1650977876.0,1.0,61.0
1650977876.0,3.0,73.0
1650977876.0,9.0,81.0
1650977877.0,6.0,71.0
1650977877.0,9.0,77.0
1650977878.0,1.0,55.0
1650977879.0,1.0,55.0
1650977879.0,3.0,64.0
1650977889.0,6.0,90.0
1650977889.0,1.0,61.0
1650977889.0,9.0,81.0
1650977890.0,1.0,58.0
1650977890.0,3.0,67.0
1650977892.0,6.0,78.0
1650977892.0,3.0,65.0
1650977892.0,9.0,82.0
1650977892.0,1.0,57.0
1650977893.0,6.0,77.0
1650977893.0,1.0,55.0
1650977893.0,3.0,64.0
1650977894.0,6.0,76.0
1650977894.0,9.0,83.0
1650977895.0,1.0,55.0
1650977895.0,3.0,66.0
1650977896.0,6.0,75.0
1650977896.0,9.0,81.0
1650977898.0,6.0,87.0
1650977898.0,1.0,56.0
1650977898.0,3.0,67.0
1650977898.0,1.0,64.0
1650977898.0,3.0,70.0
1650977900.0,6.0,84.0
1650977900.0,3.0,70.0
1650977900.0,9.0,90.0
1650977901.0,6.0,87.0
1650977901.0,3.0,70.0
1650977901.0,1.0,60.0
1650977903.0,6.0,76.0
1650977903.0,3.0,67.0
1650977903.0,9.0,80.0
1650977903.0,1.0,63.0
1650977904.0,6.0,78.0
1650977904.0,1.0,61.0
1650977904.0,3.0,67.0
1650977904.0,9.0,79.0
1650977906.0,6.0,77.0
1650977906.0,3.0,67.0
1650977906.0,9.0,80.0
1650977906.0,1.0,58.0
1650977907.0,6.0,75.0
1650977907.0,3.0,67.0
1650977907.0,9.0,79.0
1650977908.0,1.0,65.0
1650977909.0,6.0,81.0
1650977909.0,1.0,63.0
1650977909.0,3.0,69.0
1650977909.0,9.0,79.0
1650977911.0,6.0,78.0
1650977911.0,3.0,67.0
1650977911.0,9.0,79.0
1650977912.0,6.0,80.0
1650977912.0,1.0,66.0
1650977912.0,3.0,69.0
1650977912.0,9.0,78.0
1650977913.0,6.0,81.0
1650977913.0,1.0,58.0
1650977913.0,9.0,79.0
1650977914.0,1.0,59.0
1650977915.0,6.0,71.0
1650977915.0,1.0,57.0
1650977915.0,9.0,78.0
1650977917.0,3.0,68.0
1650977917.0,1.0,59.0
1650977920.0,3.0,80.0
1650977920.0,1.0,60.0
1650977922.0,6.0,76.0
1650977922.0,3.0,64.0
1650977922.0,9.0,81.0
1650977923.0,6.0,78.0
1650977923.0,1.0,72.0
1650977923.0,3.0,64.0
1650977926.0,6.0,83.0
1650977926.0,3.0,64.0
1650977926.0,9.0,79.0
1650977926.0,1.0,65.0
1650977926.0,3.0,63.0
1650977928.0,3.0,63.0
1650977928.0,9.0,80.0
1650977928.0,1.0,76.0
1650977929.0,1.0,68.0
1650977929.0,3.0,75.0
1650977931.0,3.0,80.0
1650977931.0,1.0,66.0
1650977932.0,6.0,79.0
1650977932.0,1.0,61.0
1650977932.0,3.0,70.0
1650977934.0,6.0,77.0
1650977934.0,9.0,81.0
1650977935.0,9.0,79.0
1650977935.0,6.0,74.0
1650977935.0,1.0,55.0
1650977935.0,3.0,65.0
1650977937.0,1.0,57.0
1650977937.0,9.0,83.0
1650977937.0,6.0,77.0
1650977937.0,1.0,56.0
1650977937.0,3.0,60.0
1650977939.0,6.0,80.0
1650977939.0,3.0,67.0
1650977939.0,9.0,79.0
1650977940.0,6.0,80.0
1650977941.0,1.0,61.0
1650977941.0,3.0,63.0
1650977943.0,1.0,63.0
1650977943.0,3.0,81.0
1650977944.0,1.0,63.0
1650977944.0,3.0,83.0
1650977945.0,3.0,80.0
1650977946.0,6.0,80.0
1650977947.0,1.0,78.0
1650977947.0,3.0,63.0
1650977947.0,3.0,63.0
1650977947.0,9.0,79.0
1650977948.0,6.0,76.0
1650977949.0,1.0,59.0
1650977959.0,1.0,53.0
1650977960.0,6.0,75.0
1650977960.0,3.0,61.0
1650977960.0,9.0,82.0
1650977961.0,1.0,67.0
1650977962.0,6.0,82.0
1650977962.0,1.0,59.0
1650977962.0,3.0,62.0
1650977963.0,6.0,81.0
1650977963.0,3.0,61.0
1650977963.0,9.0,78.0
1650977964.0,1.0,60.0
1650977965.0,6.0,83.0
1650977965.0,1.0,59.0
1650977965.0,9.0,81.0
1650977966.0,6.0,76.0
1650977966.0,3.0,64.0
1650977966.0,9.0,79.0
1650977967.0,1.0,67.0
1650977967.0,6.0,78.0
1650977968.0,6.0,86.0
1650977968.0,1.0,57.0
1650977969.0,1.0,58.0
1650977970.0,6.0,78.0
1650977970.0,1.0,59.0
1650977970.0,3.0,69.0
1650977971.0,3.0,72.0
1650977971.0,9.0,80.0
1650977972.0,1.0,65.0
1650977973.0,1.0,54.0
1650977973.0,3.0,63.0
1650977973.0,3.0,63.0
1650977973.0,9.0,82.0
1650977974.0,6.0,70.0
1650977974.0,1.0,56.0
1650977975.0,6.0,80.0
1650977975.0,1.0,53.0
1650977976.0,3.0,61.0
1650977976.0,9.0,82.0
1650977977.0,6.0,80.0
1650977977.0,1.0,65.0
1650977977.0,3.0,65.0
1650977978.0,1.0,64.0
1650977978.0,6.0,89.0
1650977978.0,3.0,65.0
1650977979.0,9.0,92.0
1650977980.0,6.0,85.0
1650977980.0,3.0,65.0
1650977981.0,1.0,58.0
1650977981.0,6.0,80.0
1650977983.0,6.0,78.0
1650977983.0,1.0,63.0
1650977983.0,3.0,65.0
1650977983.0,9.0,77.0
1650977984.0,1.0,59.0
1650977985.0,9.0,77.0
1650977986.0,1.0,58.0
1650977987.0,6.0,69.0
1650977987.0,1.0,59.0
1650977987.0,3.0,66.0
1650977987.0,9.0,77.0
1650977988.0,9.0,79.0
1650977989.0,1.0,70.0
1650977989.0,3.0,70.0
1650977991.0,3.0,74.0
1650977992.0,1.0,75.0
1650977993.0,1.0,63.0
1650977995.0,1.0,69.0
1650977995.0,3.0,64.0
1650977996.0,6.0,79.0
1650977996.0,1.0,60.0
1650977996.0,9.0,78.0
1650977997.0,1.0,55.0
1650977998.0,6.0,72.0
1650977998.0,3.0,65.0
1650977998.0,9.0,77.0
1650977999.0,6.0,70.0
1650977999.0,1.0,56.0
1650978000.0,3.0,70.0
1650978000.0,9.0,79.0
1650978001.0,6.0,71.0
1650978001.0,1.0,66.0
1650978001.0,3.0,71.0
1650978002.0,3.0,69.0
1650978003.0,1.0,66.0
1650978004.0,6.0,90.0
1650978004.0,1.0,63.0
1650978004.0,3.0,70.0
1650978005.0,9.0,78.0
1650978006.0,6.0,79.0
1650978006.0,3.0,64.0
1650978007.0,1.0,64.0
1650978007.0,3.0,70.0
1650978007.0,9.0,79.0
1650978009.0,1.0,63.0
1650978009.0,3.0,65.0
1650978009.0,9.0,79.0
1650978010.0,6.0,73.0
1650978010.0,1.0,59.0
1650978010.0,3.0,65.0
1650978010.0,9.0,79.0
1650978011.0,9.0,81.0
1650978012.0,6.0,74.0
1650978012.0,1.0,57.0
1650978012.0,3.0,65.0
1650978026.0,1.0,61.0
1650978027.0,9.0,78.0
1650978028.0,6.0,77.0
1650978028.0,1.0,55.0
1650978029.0,1.0,59.0
1650978029.0,3.0,65.0
1650978030.0,9.0,81.0
1650978031.0,6.0,79.0
1650978031.0,1.0,56.0
1650978031.0,6.0,77.0
1650978031.0,3.0,65.0
1650978033.0,3.0,67.0
1650978034.0,1.0,54.0
1650978035.0,6.0,76.0
1650978035.0,3.0,67.0
1650978036.0,1.0,53.0
1650978037.0,6.0,87.0
1650978037.0,1.0,68.0
1650978037.0,3.0,69.0
1650978039.0,6.0,87.0
1650978039.0,1.0,67.0
1650978039.0,3.0,69.0
1650978040.0,1.0,71.0
1650978040.0,3.0,69.0
1650978041.0,9.0,81.0
1650978042.0,6.0,77.0
1650978042.0,1.0,63.0
1650978043.0,6.0,78.0
1650978043.0,3.0,66.0
1650978044.0,9.0,81.0
1650978045.0,1.0,53.0
1650978046.0,6.0,75.0
1650978046.0,3.0,62.0
1650978047.0,1.0,52.0
1650978047.0,9.0,82.0
1650978048.0,1.0,52.0
1650978048.0,3.0,62.0
1650978049.0,6.0,74.0
1650978049.0,1.0,64.0
1650978049.0,3.0,62.0
1650978049.0,9.0,83.0
1650978050.0,9.0,81.0
1650978051.0,6.0,84.0
1650978051.0,1.0,63.0
1650978051.0,3.0,65.0
1650978052.0,6.0,81.0
1650978052.0,3.0,66.0
1650978052.0,9.0,83.0
1650978053.0,3.0,68.0
1650978053.0,9.0,77.0
1650978054.0,1.0,55.0
1650978054.0,3.0,62.0
1650978055.0,6.0,75.0
1650978056.0,1.0,59.0
1650978056.0,9.0,77.0
1650978057.0,6.0,81.0
1650978057.0,3.0,65.0
1650978057.0,9.0,83.0
1650978058.0,1.0,56.0
1650978058.0,9.0,84.0
1650978059.0,9.0,80.0
1650978060.0,6.0,69.0
1650978060.0,1.0,56.0
1650978060.0,3.0,65.0
1650978061.0,3.0,65.0
1650978062.0,1.0,63.0
1650978063.0,6.0,84.0
1650978063.0,3.0,74.0
1650978063.0,9.0,86.0
1650978064.0,6.0,84.0
1650978065.0,1.0,56.0
1650978065.0,3.0,68.0
1650978066.0,6.0,77.0
1650978066.0,3.0,65.0
1650978066.0,9.0,78.0
1650978067.0,1.0,56.0
1650978067.0,9.0,77.0
1650978068.0,6.0,79.0
1650978068.0,3.0,72.0
1650978068.0,6.0,81.0
1650978068.0,1.0,57.0
1650978068.0,3.0,70.0
1650978068.0,9.0,82.0
1650978070.0,1.0,53.0
1650978070.0,9.0,79.0
1650978071.0,6.0,72.0
1650978071.0,3.0,63.0
1650978071.0,1.0,53.0
1650978071.0,3.0,70.0
1650978071.0,9.0,80.0
1650978073.0,6.0,81.0
1650978074.0,1.0,76.0
1650978074.0,3.0,73.0
1650978086.0,9.0,79.0
1650978087.0,6.0,74.0
1650978088.0,6.0,78.0
1650978088.0,1.0,58.0
1650978088.0,3.0,65.0
1650978089.0,3.0,71.0
1650978089.0,9.0,85.0
1650978090.0,6.0,83.0
1650978091.0,6.0,76.0
1650978091.0,1.0,55.0
1650978091.0,3.0,66.0
1650978091.0,9.0,85.0
1650978091.0,1.0,55.0
1650978092.0,3.0,66.0
1650978093.0,6.0,70.0
1650978093.0,3.0,61.0
1650978093.0,1.0,51.0
1650978095.0,6.0,70.0
1650978095.0,3.0,67.0
1650978096.0,6.0,83.0
1650978096.0,1.0,64.0
1650978096.0,3.0,61.0
1650978096.0,9.0,82.0
1650978098.0,6.0,83.0
1650978098.0,3.0,65.0
1650978099.0,1.0,64.0
1650978101.0,6.0,84.0
1650978101.0,3.0,65.0
1650978101.0,9.0,85.0
1650978102.0,6.0,79.0
1650978102.0,3.0,66.0
1650978104.0,1.0,55.0
1650978104.0,3.0,65.0
1650978104.0,9.0,85.0
1650978105.0,6.0,72.0
1650978105.0,1.0,53.0
1650978105.0,3.0,60.0
1650978108.0,6.0,73.0
1650978108.0,3.0,60.0
1650978108.0,9.0,84.0
1650978110.0,6.0,81.0
1650978110.0,1.0,57.0
1650978110.0,3.0,65.0
1650978110.0,1.0,67.0
1650978111.0,6.0,83.0
1650978111.0,1.0,63.0
1650978113.0,6.0,78.0
1650978113.0,1.0,55.0
1650978113.0,3.0,65.0
1650978114.0,6.0,75.0
1650978114.0,1.0,55.0
1650978114.0,3.0,67.0
1650978114.0,9.0,84.0
1650978116.0,6.0,78.0
1650978116.0,3.0,66.0
1650978116.0,9.0,79.0
1650978118.0,6.0,76.0
1650978118.0,1.0,54.0
1650978118.0,3.0,63.0
1650978119.0,1.0,56.0
1650978119.0,3.0,63.0
1650978121.0,6.0,69.0
1650978121.0,1.0,65.0
1650978122.0,6.0,81.0
1650978122.0,3.0,65.0
1650978123.0,3.0,65.0
1650978124.0,6.0,81.0
1650978124.0,3.0,66.0
1650978124.0,9.0,95.0
1650978125.0,1.0,65.0
1650978125.0,3.0,66.0
1650978125.0,9.0,82.0
1650978127.0,6.0,77.0
1650978127.0,9.0,79.0
1650978128.0,6.0,83.0
1650978128.0,3.0,66.0
1650978129.0,1.0,62.0
1650978130.0,6.0,73.0
1650978130.0,3.0,64.0
1650978130.0,9.0,76.0
1650978132.0,1.0,54.0
1650978132.0,3.0,65.0
1650978133.0,6.0,71.0
1650978133.0,1.0,79.0
1650978133.0,3.0,63.0
1650978134.0,3.0,77.0
1650978135.0,9.0,93.0
1650978136.0,6.0,93.0
1650978136.0,1.0,67.0
1650978136.0,3.0,80.0
1650978136.0,9.0,82.0
1650978137.0,1.0,60.0
1650978137.0,9.0,80.0
1650978138.0,6.0,81.0
1650978138.0,1.0,62.0
1650978139.0,3.0,64.0
1650978139.0,9.0,80.0
1650978152.0,3.0,64.0
1650978153.0,3.0,72.0
1650978154.0,9.0,85.0
1650978154.0,1.0,63.0
1650978155.0,9.0,85.0
1650978156.0,6.0,80.0
1650978156.0,1.0,59.0
1650978156.0,3.0,65.0
1650978157.0,1.0,57.0
1650978157.0,3.0,64.0
1650978157.0,9.0,83.0
1650978158.0,6.0,72.0
1650978158.0,3.0,64.0
1650978159.0,6.0,73.0
1650978159.0,1.0,56.0
1650978159.0,9.0,81.0
1650978160.0,3.0,64.0
1650978160.0,9.0,81.0
1650978160.0,6.0,72.0
1650978160.0,3.0,65.0
1650978161.0,1.0,65.0
1650978162.0,1.0,65.0
1650978162.0,6.0,80.0
1650978162.0,3.0,68.0
1650978163.0,3.0,75.0
1650978164.0,6.0,82.0
1650978164.0,1.0,66.0
1650978165.0,9.0,83.0
1650978166.0,6.0,80.0
1650978166.0,1.0,56.0
1650978166.0,3.0,64.0
1650978167.0,3.0,66.0
1650978167.0,9.0,87.0
1650978168.0,6.0,79.0
1650978168.0,1.0,56.0
1650978169.0,3.0,63.0
1650978170.0,1.0,55.0
1650978171.0,6.0,69.0
1650978172.0,6.0,73.0
1650978172.0,9.0,75.0
1650978173.0,1.0,52.0
1650978173.0,9.0,85.0
1650978174.0,6.0,77.0
1650978175.0,3.0,65.0
1650978175.0,9.0,98.0
1650978175.0,1.0,67.0
1650978176.0,3.0,72.0
1650978177.0,3.0,66.0
1650978178.0,9.0,78.0
1650978179.0,1.0,63.0
1650978179.0,9.0,83.0
1650978180.0,6.0,84.0
1650978180.0,1.0,67.0
1650978180.0,3.0,65.0
1650978181.0,1.0,63.0
1650978181.0,3.0,71.0
1650978182.0,9.0,79.0
1650978183.0,6.0,85.0
1650978183.0,1.0,65.0
1650978183.0,3.0,61.0
1650978184.0,6.0,78.0
1650978184.0,1.0,73.0
1650978184.0,3.0,62.0
1650978185.0,3.0,74.0
1650978186.0,1.0,79.0
1650978187.0,6.0,91.0
1650978188.0,6.0,86.0
1650978188.0,3.0,73.0
1650978189.0,1.0,70.0
1650978189.0,3.0,74.0
1650978195.0,3.0,60.0
1650978196.0,9.0,77.0
1650978197.0,6.0,86.0
1650978197.0,1.0,62.0
1650978197.0,3.0,61.0
1650978212.0,1.0,54.0
1650978213.0,1.0,55.0
1650978213.0,9.0,87.0
1650978214.0,6.0,74.0
1650978214.0,3.0,71.0
1650978214.0,9.0,79.0
1650978215.0,1.0,55.0
1650978215.0,3.0,70.0
1650978216.0,6.0,69.0
1650978216.0,1.0,59.0
1650978216.0,9.0,77.0
1650978217.0,6.0,69.0
1650978217.0,3.0,65.0
1650978217.0,9.0,76.0
1650978218.0,3.0,67.0
1650978218.0,9.0,77.0
1650978219.0,1.0,61.0
1650978219.0,3.0,65.0
1650978220.0,6.0,77.0
1650978221.0,1.0,61.0
1650978221.0,3.0,65.0
1650978222.0,6.0,79.0
1650978223.0,3.0,65.0
1650978223.0,9.0,82.0
1650978224.0,1.0,55.0
1650978225.0,1.0,57.0
1650978226.0,6.0,74.0
1650978226.0,9.0,80.0
1650978227.0,6.0,74.0
1650978227.0,3.0,64.0
1650978227.0,9.0,78.0
1650978228.0,1.0,53.0
1650978228.0,3.0,61.0
1650978229.0,1.0,52.0
1650978229.0,3.0,61.0
1650978229.0,9.0,85.0
1650978230.0,6.0,70.0
1650978230.0,3.0,60.0
1650978230.0,9.0,75.0
1650978231.0,1.0,67.0
1650978232.0,6.0,80.0
1650978232.0,1.0,62.0
1650978232.0,3.0,65.0
1650978234.0,6.0,82.0
1650978234.0,1.0,63.0
1650978234.0,3.0,65.0
1650978235.0,6.0,80.0
1650978235.0,1.0,56.0
1650978235.0,3.0,71.0
1650978236.0,6.0,76.0
1650978236.0,3.0,65.0
1650978236.0,9.0,85.0
1650978238.0,6.0,77.0
1650978238.0,1.0,60.0
1650978239.0,6.0,79.0
1650978239.0,3.0,61.0
1650978240.0,1.0,50.0
1650978241.0,6.0,75.0
1650978241.0,3.0,61.0
1650978241.0,1.0,52.0
1650978242.0,9.0,77.0
1650978243.0,6.0,67.0
1650978243.0,1.0,49.0
1650978244.0,6.0,77.0
1650978244.0,1.0,64.0
1650978245.0,9.0,87.0
1650978246.0,6.0,84.0
1650978246.0,3.0,73.0
1650978246.0,6.0,80.0
1650978246.0,1.0,65.0
1650978247.0,1.0,72.0
1650978248.0,6.0,79.0
1650978248.0,9.0,84.0
1650978249.0,1.0,55.0
1650978249.0,3.0,66.0
1650978250.0,6.0,78.0
1650978250.0,1.0,56.0
1650978250.0,3.0,70.0
1650978250.0,9.0,79.0
1650978251.0,9.0,78.0
1650978252.0,6.0,78.0
1650978252.0,1.0,60.0
1650978253.0,6.0,71.0
1650978253.0,9.0,89.0
1650978254.0,6.0,71.0
1650978254.0,3.0,70.0
1650978254.0,9.0,90.0
1650978256.0,1.0,60.0
1650978256.0,3.0,66.0
1650978257.0,1.0,63.0
1650978258.0,6.0,86.0
1650978258.0,1.0,63.0
1650978258.0,9.0,95.0
1650978259.0,3.0,65.0
1650978260.0,6.0,85.0
1650978260.0,1.0,58.0
1650978261.0,6.0,77.0
1650978261.0,1.0,54.0
1650978261.0,9.0,79.0
1650978262.0,3.0,67.0
1650978262.0,9.0,77.0
1650978263.0,6.0,77.0
1650978263.0,1.0,61.0
1650978263.0,3.0,66.0
1650978264.0,6.0,83.0
1650978264.0,1.0,57.0
1650978264.0,9.0,82.0
1650978265.0,3.0,63.0
1650978265.0,9.0,80.0
1650978266.0,6.0,68.0
1650978266.0,6.0,68.0
1650978266.0,1.0,56.0
1650978266.0,9.0,79.0
1650978267.0,1.0,54.0
1650978268.0,3.0,68.0
1650978268.0,3.0,67.0
1650978268.0,9.0,80.0
1650978269.0,9.0,79.0
1650978270.0,6.0,81.0
1650978270.0,6.0,76.0
1650978270.0,1.0,57.0
1650978270.0,9.0,79.0
1650978271.0,1.0,55.0
1650978271.0,3.0,70.0
1650978272.0,3.0,67.0
1650978273.0,6.0,74.0
1650978273.0,1.0,53.0
1650978273.0,9.0,80.0
1650978274.0,6.0,73.0
1650978274.0,3.0,63.0
1650978274.0,3.0,64.0
1650978275.0,1.0,56.0
1650978276.0,6.0,70.0
1650978276.0,9.0,83.0
1650978276.0,1.0,56.0
1650978276.0,9.0,86.0
1650978277.0,3.0,66.0
1650978278.0,1.0,59.0
1650978278.0,3.0,73.0
1650978279.0,6.0,91.0
1650978279.0,6.0,79.0
1650978279.0,1.0,67.0
1650978280.0,3.0,79.0
1650978280.0,3.0,69.0
1650978281.0,9.0,79.0
1650978282.0,6.0,79.0
1650978282.0,6.0,76.0
1650978282.0,1.0,55.0
1650978282.0,3.0,67.0
1650978283.0,9.0,85.0
1650978284.0,1.0,56.0
1650978285.0,6.0,75.0
1650978285.0,1.0,56.0
1650978285.0,9.0,81.0
1650978286.0,6.0,72.0
1650978286.0,3.0,63.0
1650978286.0,9.0,81.0
1650978287.0,6.0,70.0
1650978288.0,1.0,54.0
1650978288.0,3.0,71.0
1650978289.0,6.0,81.0
1650978291.0,6.0,83.0
1650978291.0,1.0,69.0
1650978291.0,3.0,67.0
1650978292.0,3.0,66.0
1650978293.0,1.0,56.0
1650978295.0,3.0,72.0
1650978295.0,9.0,81.0
1650978295.0,9.0,84.0
1650978296.0,6.0,81.0
1650978297.0,1.0,59.0
1650978297.0,3.0,65.0
1650978297.0,9.0,79.0
1650978298.0,1.0,58.0
1650978298.0,3.0,65.0
1650978299.0,6.0,78.0
1650978299.0,1.0,63.0
1650978299.0,9.0,77.0
1650978300.0,3.0,61.0
1650978300.0,6.0,83.0
1650978300.0,9.0,90.0
1650978301.0,1.0,63.0
1650978301.0,3.0,62.0
1650978311.0,1.0,54.0
1650978312.0,3.0,64.0
1650978312.0,9.0,83.0
1650978313.0,1.0,58.0
1650978313.0,3.0,66.0
1650978314.0,6.0,80.0
1650978314.0,9.0,85.0
1650978315.0,3.0,68.0
1650978315.0,1.0,52.0
1650978316.0,6.0,76.0
1650978316.0,1.0,50.0
1650978316.0,9.0,82.0
1650978319.0,1.0,55.0
1650978319.0,9.0,81.0
1650978319.0,1.0,57.0
1650978321.0,6.0,77.0
1650978321.0,9.0,85.0
1650978321.0,3.0,70.0
1650978322.0,6.0,82.0
1650978322.0,1.0,66.0
1650978324.0,3.0,73.0
1650978324.0,1.0,58.0
1650978324.0,3.0,63.0
1650978325.0,6.0,79.0
1650978325.0,9.0,80.0
1650978326.0,1.0,57.0
1650978326.0,3.0,70.0
1650978327.0,3.0,68.0
1650978327.0,9.0,81.0
1650978327.0,1.0,57.0
1650978328.0,6.0,71.0
1650978328.0,9.0,83.0
1650978329.0,6.0,78.0
1650978329.0,1.0,57.0
1650978330.0,9.0,84.0
1650978331.0,1.0,56.0
1650978331.0,3.0,67.0
1650978331.0,9.0,78.0
1650978332.0,6.0,80.0
1650978332.0,1.0,53.0
1650978333.0,1.0,53.0
1650978335.0,6.0,71.0
1650978335.0,1.0,56.0
1650978336.0,1.0,65.0
1650978336.0,3.0,64.0
1650978337.0,6.0,88.0
1650978337.0,1.0,65.0
1650978337.0,3.0,73.0
1650978338.0,9.0,91.0
1650978339.0,1.0,65.0
1650978339.0,3.0,64.0
1650978339.0,9.0,88.0
1650978340.0,6.0,88.0
1650978340.0,3.0,64.0
1650978340.0,9.0,85.0
1650978341.0,6.0,80.0
1650978342.0,1.0,57.0
1650978343.0,6.0,80.0
1650978343.0,3.0,67.0
1650978343.0,9.0,85.0
1650978344.0,6.0,81.0
1650978344.0,1.0,57.0
1650978345.0,3.0,63.0
1650978346.0,6.0,70.0
1650978346.0,9.0,84.0
1650978347.0,1.0,59.0
1650978347.0,3.0,63.0
1650978348.0,3.0,63.0
1650978348.0,9.0,91.0
1650978349.0,6.0,89.0
1650978350.0,1.0,64.0
1650978350.0,3.0,65.0
1650978350.0,9.0,85.0
1650978351.0,3.0,67.0
1650978352.0,6.0,83.0
1650978353.0,1.0,56.0
1650978354.0,6.0,86.0
1650978354.0,3.0,70.0
1650978355.0,9.0,79.0
1650978355.0,6.0,79.0
1650978355.0,1.0,57.0
1650978356.0,3.0,71.0
1650978356.0,9.0,82.0
1650978357.0,9.0,84.0
1650978358.0,6.0,70.0
1650978359.0,1.0,54.0
1650978359.0,3.0,64.0
1650978359.0,9.0,90.0
1650978360.0,6.0,70.0
1650978360.0,3.0,63.0
1650978361.0,6.0,70.0
1650978361.0,9.0,83.0
1650978361.0,1.0,65.0
1650978362.0,3.0,64.0
1650978362.0,9.0,86.0
1650978363.0,6.0,82.0
1650978363.0,3.0,70.0
1650978364.0,6.0,88.0
1650978364.0,1.0,70.0
1650978364.0,1.0,65.0
1650978366.0,9.0,83.0
1650978366.0,3.0,67.0
1650978366.0,9.0,83.0
1650978367.0,6.0,80.0
1650978367.0,1.0,57.0
1650978368.0,3.0,67.0
1650978369.0,9.0,81.0
1650978369.0,6.0,83.0
1650978369.0,1.0,55.0
1650978369.0,3.0,68.0
1650978370.0,6.0,70.0
1650978370.0,1.0,54.0
1650978370.0,9.0,82.0
1650978376.0,6.0,77.0
1650978376.0,3.0,76.0
1650978377.0,3.0,74.0
1650978377.0,1.0,54.0
1650978379.0,6.0,79.0
1650978379.0,1.0,57.0
1650978379.0,3.0,63.0
1650978379.0,9.0,74.0
1650978380.0,6.0,77.0
1650978381.0,3.0,63.0
1650978381.0,9.0,79.0
1650978382.0,1.0,56.0
1650978382.0,9.0,77.0
1650978384.0,6.0,81.0
1650978384.0,1.0,59.0
1650978384.0,9.0,86.0
1650978385.0,6.0,79.0
1650978385.0,1.0,55.0
1650978385.0,3.0,70.0
1650978386.0,1.0,93.0
1650978387.0,6.0,83.0
1650978387.0,3.0,71.0
1650978387.0,9.0,98.0
1650978388.0,1.0,79.0
1650978389.0,1.0,58.0
1650978389.0,3.0,71.0
1650978390.0,3.0,65.0
1650978390.0,9.0,84.0
1650978390.0,1.0,62.0
1650978390.0,3.0,63.0
1650978391.0,6.0,76.0
1650978391.0,9.0,79.0
1650978392.0,1.0,55.0
1650978393.0,3.0,66.0
1650978393.0,9.0,77.0
1650978393.0,6.0,76.0
1650978393.0,1.0,55.0
1650978393.0,3.0,61.0
1650978394.0,9.0,82.0
1650978395.0,6.0,75.0
1650978395.0,1.0,53.0
1650978395.0,3.0,61.0
1650978396.0,6.0,80.0
1650978396.0,9.0,79.0
1650978398.0,1.0,57.0
1650978398.0,3.0,61.0
1650978399.0,6.0,77.0
1650978399.0,3.0,70.0
1650978399.0,9.0,86.0
1650978400.0,6.0,77.0
1650978400.0,1.0,57.0
1650978401.0,9.0,82.0
1650978402.0,6.0,83.0
1650978402.0,1.0,54.0
1650978402.0,3.0,65.0
1650978402.0,9.0,77.0
1650978403.0,6.0,85.0
1650978403.0,1.0,58.0
1650978404.0,3.0,65.0
1650978404.0,9.0,76.0
1650978405.0,6.0,79.0
1650978405.0,3.0,65.0
1650978405.0,9.0,76.0
1650978406.0,1.0,53.0
1650978407.0,9.0,77.0
1650978409.0,6.0,71.0
1650978409.0,1.0,51.0
1650978409.0,9.0,86.0
1650978410.0,6.0,74.0
1650978410.0,1.0,63.0
1650978410.0,3.0,69.0
1650978410.0,9.0,85.0
1650978411.0,6.0,85.0
1650978411.0,1.0,65.0
1650978412.0,9.0,81.0
1650978413.0,6.0,81.0
1650978413.0,1.0,57.0
1650978413.0,3.0,69.0
1650978413.0,9.0,84.0
1650978414.0,1.0,68.0
1650978415.0,3.0,64.0
1650978416.0,6.0,88.0
1650978416.0,1.0,64.0
1650978416.0,3.0,63.0
1650978416.0,9.0,80.0
1650978427.0,3.0,75.0
1650978428.0,6.0,72.0
1650978429.0,6.0,73.0
1650978429.0,3.0,67.0
1650978430.0,3.0,65.0
1650978431.0,9.0,80.0
1650978432.0,6.0,77.0
1650978432.0,1.0,52.0
1650978432.0,9.0,81.0
1650978433.0,6.0,70.0
1650978433.0,3.0,61.0
1650978434.0,9.0,79.0
1650978435.0,6.0,69.0
1650978435.0,1.0,52.0
1650978436.0,3.0,65.0
1650978436.0,9.0,83.0
1650978437.0,6.0,78.0
1650978437.0,1.0,58.0
1650978437.0,3.0,66.0
1650978438.0,9.0,81.0
1650978439.0,6.0,73.0
1650978439.0,1.0,55.0
1650978439.0,3.0,65.0
1650978440.0,1.0,53.0
1650978440.0,3.0,66.0
1650978441.0,6.0,70.0
1650978441.0,1.0,53.0
1650978442.0,3.0,65.0
1650978443.0,9.0,76.0
1650978444.0,1.0,52.0
1650978444.0,3.0,71.0
1650978444.0,9.0,77.0
1650978445.0,6.0,70.0
1650978445.0,1.0,54.0
1650978445.0,3.0,67.0
1650978446.0,1.0,64.0
1650978447.0,6.0,87.0
1650978447.0,3.0,67.0
1650978448.0,6.0,73.0
1650978448.0,3.0,65.0
1650978449.0,6.0,80.0
1650978449.0,1.0,60.0
1650978449.0,9.0,82.0
1650978450.0,9.0,81.0
1650978451.0,3.0,71.0
1650978452.0,9.0,80.0
1650978453.0,6.0,77.0
1650978453.0,1.0,59.0
1650978454.0,3.0,69.0
1650978455.0,1.0,56.0
1650978456.0,6.0,71.0
1650978456.0,3.0,68.0
1650978456.0,9.0,84.0
1650978457.0,1.0,67.0
1650978458.0,6.0,81.0
1650978458.0,1.0,64.0
1650978459.0,6.0,83.0
1650978459.0,3.0,65.0
1650978459.0,9.0,88.0
1650978460.0,1.0,69.0
1650978460.0,3.0,67.0
1650978461.0,6.0,87.0
1650978461.0,1.0,59.0
1650978462.0,6.0,79.0
1650978462.0,3.0,66.0
1650978462.0,3.0,64.0
1650978463.0,6.0,80.0
1650978463.0,1.0,61.0
1650978464.0,6.0,78.0
1650978465.0,1.0,58.0
1650978465.0,3.0,64.0
1650978466.0,9.0,77.0
1650978467.0,6.0,68.0
1650978467.0,1.0,54.0
1650978467.0,3.0,63.0
1650978467.0,6.0,69.0
1650978468.0,3.0,63.0
1650978468.0,9.0,74.0
1650978469.0,6.0,78.0
1650978469.0,1.0,52.0
1650978470.0,6.0,79.0
1650978470.0,3.0,72.0
1650978471.0,1.0,64.0
1650978471.0,3.0,77.0
1650978472.0,6.0,79.0
1650978472.0,9.0,85.0
1650978474.0,3.0,78.0
1650978474.0,6.0,79.0
1650978474.0,1.0,53.0
1650978474.0,9.0,77.0
1650978475.0,6.0,79.0
1650978476.0,1.0,53.0
1650978476.0,3.0,63.0
1650978477.0,9.0,77.0
1650978477.0,6.0,69.0
1650978477.0,1.0,53.0
1650978478.0,6.0,68.0
1650978479.0,1.0,58.0
1650978479.0,3.0,62.0
1650978480.0,6.0,68.0
1650978480.0,9.0,80.0
1650978481.0,1.0,61.0
1650978481.0,3.0,61.0
1650978482.0,6.0,81.0
1650978482.0,1.0,63.0
1650978482.0,3.0,71.0
1650978483.0,6.0,79.0
1650978483.0,9.0,87.0
1650978484.0,6.0,80.0
1650978484.0,3.0,72.0
1650978485.0,1.0,54.0
1650978485.0,3.0,71.0
1650978486.0,6.0,74.0
1650978486.0,9.0,80.0
1650978487.0,3.0,66.0
1650978488.0,6.0,79.0
1650978488.0,1.0,59.0
1650978488.0,3.0,65.0
1650978488.0,9.0,78.0
1650978499.0,3.0,65.0
1650978500.0,9.0,83.0
1650978501.0,6.0,77.0
1650978501.0,1.0,57.0
1650978502.0,9.0,86.0
1650978503.0,6.0,74.0
1650978503.0,1.0,56.0
1650978503.0,3.0,65.0
1650978504.0,1.0,58.0
1650978505.0,6.0,80.0
1650978505.0,1.0,52.0
1650978505.0,3.0,61.0
1650978506.0,6.0,77.0
1650978506.0,3.0,60.0
1650978507.0,1.0,53.0
1650978508.0,1.0,55.0
1650978508.0,3.0,77.0
1650978509.0,1.0,55.0
1650978509.0,3.0,63.0
1650978510.0,6.0,79.0
1650978510.0,3.0,64.0
1650978511.0,1.0,56.0
1650978512.0,6.0,79.0
1650978512.0,1.0,52.0
1650978512.0,3.0,64.0
1650978514.0,1.0,53.0
1650978515.0,6.0,80.0
1650978515.0,3.0,60.0
1650978516.0,6.0,86.0
1650978516.0,3.0,61.0
1650978517.0,9.0,85.0
1650978518.0,1.0,65.0
1650978518.0,3.0,74.0
1650978518.0,9.0,83.0
1650978519.0,6.0,89.0
1650978520.0,9.0,85.0
1650978521.0,1.0,63.0
1650978521.0,3.0,64.0
1650978522.0,6.0,77.0
1650978522.0,3.0,64.0
1650978523.0,1.0,56.0
1650978524.0,6.0,80.0
1650978524.0,3.0,64.0
1650978525.0,3.0,60.0
1650978527.0,6.0,70.0
1650978527.0,1.0,53.0
1650978527.0,3.0,64.0
1650978528.0,1.0,52.0
1650978528.0,3.0,63.0
1650978530.0,3.0,67.0
1650978531.0,3.0,67.0
1650978531.0,1.0,60.0
1650978533.0,3.0,70.0
1650978533.0,9.0,76.0
1650978534.0,6.0,79.0
1650978534.0,3.0,72.0
1650978535.0,1.0,57.0
1650978536.0,3.0,67.0
1650978536.0,9.0,77.0
1650978536.0,1.0,57.0
1650978537.0,3.0,67.0
1650978538.0,1.0,59.0
1650978538.0,9.0,80.0
1650978539.0,6.0,75.0
1650978539.0,3.0,63.0
1650978539.0,1.0,55.0
1650978540.0,3.0,63.0
1650978541.0,6.0,75.0
1650978541.0,9.0,91.0
1650978542.0,6.0,87.0
1650978542.0,3.0,70.0
1650978543.0,1.0,63.0
1650978543.0,3.0,70.0
1650978543.0,1.0,63.0
1650978544.0,9.0,86.0
1650978545.0,1.0,55.0
1650978545.0,3.0,68.0
1650978546.0,9.0,85.0
1650978547.0,6.0,81.0
1650978547.0,3.0,64.0
1650978548.0,6.0,83.0
1650978548.0,9.0,79.0
1650978548.0,9.0,77.0
1650978549.0,6.0,84.0
1650978549.0,1.0,55.0
1650978549.0,3.0,64.0
1650978550.0,1.0,53.0
1650978550.0,3.0,68.0
1650978551.0,6.0,74.0
1650978551.0,9.0,80.0
1650978552.0,6.0,71.0
1650978552.0,1.0,52.0
1650978552.0,3.0,63.0
1650978554.0,6.0,77.0
1650978555.0,6.0,81.0
1650978555.0,3.0,65.0
1650978555.0,1.0,73.0
1650978555.0,3.0,77.0
1650978556.0,9.0,81.0
1650978557.0,6.0,80.0
1650978557.0,1.0,54.0
1650978557.0,3.0,71.0
1650978558.0,6.0,79.0
1650978558.0,1.0,59.0
1650978558.0,3.0,65.0
1650978559.0,9.0,76.0
1650978571.0,3.0,67.0
1650978571.0,9.0,75.0
1650978572.0,6.0,83.0
1650978572.0,1.0,55.0
1650978573.0,3.0,65.0
1650978573.0,9.0,78.0
1650978574.0,6.0,77.0
1650978574.0,9.0,79.0
1650978576.0,1.0,56.0
1650978576.0,3.0,60.0
1650978576.0,6.0,69.0
1650978577.0,6.0,70.0
1650978578.0,1.0,55.0
1650978578.0,3.0,68.0
1650978579.0,6.0,76.0
1650978581.0,1.0,71.0
1650978581.0,3.0,64.0
1650978582.0,9.0,86.0
1650978583.0,6.0,84.0
1650978584.0,3.0,64.0
1650978584.0,9.0,83.0
1650978585.0,1.0,57.0
1650978585.0,9.0,83.0
1650978586.0,6.0,84.0
1650978586.0,1.0,57.0
1650978586.0,3.0,67.0
1650978587.0,1.0,57.0
1650978587.0,9.0,83.0
1650978588.0,6.0,70.0
1650978588.0,9.0,83.0
1650978589.0,1.0,54.0
1650978589.0,3.0,63.0
1650978590.0,1.0,54.0
1650978590.0,9.0,81.0
1650978591.0,3.0,63.0
1650978591.0,9.0,87.0
1650978591.0,6.0,70.0
1650978592.0,1.0,65.0
1650978593.0,3.0,72.0
1650978593.0,9.0,88.0
1650978594.0,1.0,71.0
1650978595.0,1.0,73.0
1650978596.0,6.0,77.0
1650978596.0,3.0,65.0
1650978597.0,6.0,75.0
1650978597.0,3.0,70.0
1650978598.0,1.0,57.0
1650978598.0,3.0,67.0
1650978600.0,6.0,78.0
1650978600.0,1.0,61.0
1650978600.0,3.0,66.0
1650978600.0,9.0,82.0
1650978601.0,6.0,69.0
1650978601.0,9.0,80.0
1650978602.0,3.0,63.0
1650978602.0,9.0,88.0
1650978602.0,6.0,70.0
1650978603.0,1.0,55.0
1650978603.0,6.0,74.0
1650978604.0,3.0,68.0
1650978605.0,6.0,87.0
1650978607.0,1.0,64.0
1650978607.0,9.0,87.0
1650978608.0,6.0,89.0
1650978608.0,3.0,68.0
1650978609.0,6.0,73.0
1650978609.0,1.0,57.0
1650978609.0,3.0,71.0
1650978609.0,9.0,85.0
1650978610.0,1.0,56.0
1650978610.0,9.0,85.0
1650978611.0,6.0,77.0
1650978611.0,3.0,68.0
1650978612.0,1.0,55.0
1650978612.0,3.0,68.0
1650978613.0,9.0,90.0
1650978614.0,6.0,67.0
1650978614.0,1.0,51.0
1650978614.0,3.0,63.0
1650978615.0,9.0,85.0
1650978616.0,6.0,67.0
1650978616.0,1.0,51.0
1650978616.0,3.0,63.0
1650978616.0,9.0,81.0
1650978617.0,6.0,88.0
1650978617.0,1.0,67.0
1650978617.0,3.0,72.0
1650978618.0,1.0,63.0
1650978620.0,6.0,83.0
1650978620.0,1.0,68.0
1650978621.0,1.0,59.0
1650978623.0,1.0,58.0
1650978623.0,3.0,72.0
1650978624.0,9.0,87.0
1650978625.0,6.0,71.0
1650978625.0,3.0,61.0
1650978627.0,1.0,52.0
1650978627.0,3.0,60.0
1650978627.0,9.0,84.0
1650978628.0,6.0,71.0
1650978628.0,3.0,61.0
1650978629.0,9.0,86.0
1650978630.0,6.0,74.0
1650978630.0,3.0,67.0
1650978631.0,6.0,74.0
1650978631.0,1.0,56.0
1650978632.0,3.0,67.0
1650978633.0,6.0,70.0
1650978633.0,3.0,64.0
1650978633.0,9.0,75.0
1650978634.0,1.0,51.0
1650978635.0,9.0,77.0
1650978636.0,6.0,70.0
1650978636.0,1.0,56.0
1650978637.0,9.0,87.0
1650978637.0,6.0,80.0
1650978637.0,1.0,67.0
1650978637.0,3.0,68.0
1650978639.0,1.0,59.0
1650978640.0,3.0,79.0
1650978640.0,9.0,94.0
1650978651.0,1.0,66.0
1650978651.0,3.0,71.0
1650978651.0,9.0,82.0
1650978652.0,6.0,76.0
1650978652.0,1.0,57.0
1650978653.0,1.0,55.0
1650978653.0,3.0,67.0
1650978653.0,6.0,80.0
1650978655.0,1.0,59.0
1650978656.0,3.0,69.0
1650978656.0,9.0,79.0
1650978657.0,6.0,71.0
1650978657.0,1.0,55.0
1650978657.0,3.0,63.0
1650978658.0,1.0,55.0
1650978659.0,6.0,73.0
1650978659.0,1.0,60.0
1650978659.0,9.0,83.0
1650978660.0,3.0,71.0
1650978660.0,9.0,79.0
1650978661.0,1.0,84.0
1650978662.0,6.0,83.0
1650978662.0,1.0,64.0
1650978662.0,9.0,86.0
1650978664.0,3.0,65.0
1650978664.0,6.0,80.0
1650978664.0,1.0,56.0
1650978665.0,1.0,55.0
1650978666.0,3.0,66.0
1650978666.0,9.0,80.0
1650978666.0,6.0,83.0
1650978667.0,3.0,68.0
1650978667.0,9.0,78.0
1650978668.0,1.0,57.0
1650978668.0,9.0,79.0
1650978669.0,1.0,53.0
1650978669.0,3.0,71.0
1650978670.0,6.0,73.0
1650978670.0,1.0,56.0
1650978671.0,9.0,84.0
1650978671.0,6.0,71.0
1650978671.0,1.0,60.0
1650978672.0,6.0,85.0
1650978672.0,3.0,63.0
1650978673.0,1.0,63.0
1650978674.0,6.0,82.0
1650978674.0,3.0,65.0
1650978674.0,9.0,83.0
1650978675.0,1.0,57.0
1650978675.0,3.0,65.0
1650978676.0,6.0,80.0
1650978676.0,9.0,87.0
1650978676.0,1.0,53.0
1650978676.0,3.0,68.0
1650978677.0,3.0,68.0
1650978678.0,1.0,54.0
1650978679.0,6.0,74.0
1650978679.0,9.0,76.0
1650978680.0,3.0,68.0
1650978681.0,6.0,71.0
1650978681.0,3.0,62.0
1650978681.0,9.0,83.0
1650978682.0,6.0,70.0
1650978682.0,1.0,55.0
1650978682.0,9.0,80.0
1650978683.0,6.0,70.0
1650978683.0,3.0,61.0
1650978684.0,1.0,59.0
1650978685.0,6.0,81.0
1650978685.0,1.0,58.0
1650978686.0,6.0,82.0
1650978686.0,3.0,66.0
1650978686.0,9.0,87.0
1650978687.0,1.0,59.0
1650978688.0,6.0,82.0
1650978688.0,1.0,52.0
1650978688.0,3.0,65.0
1650978688.0,9.0,85.0
1650978689.0,3.0,66.0
1650978689.0,9.0,78.0
1650978690.0,6.0,73.0
1650978690.0,3.0,66.0
1650978690.0,9.0,77.0
1650978692.0,1.0,53.0
1650978692.0,9.0,78.0
1650978693.0,6.0,68.0
1650978693.0,1.0,54.0
1650978694.0,3.0,62.0
1650978694.0,9.0,84.0
1650978694.0,6.0,68.0
1650978694.0,1.0,50.0
1650978694.0,9.0,79.0
1650978695.0,6.0,77.0
1650978696.0,1.0,56.0
1650978697.0,3.0,67.0
1650978697.0,1.0,62.0
1650978697.0,9.0,97.0
1650978699.0,6.0,86.0
1650978699.0,3.0,66.0
1650978700.0,1.0,65.0
1650978701.0,6.0,78.0
1650978702.0,3.0,65.0
1650978702.0,9.0,81.0
1650978703.0,1.0,61.0
1650978703.0,3.0,66.0
1650978703.0,1.0,61.0
1650978703.0,9.0,81.0
1650978704.0,6.0,77.0
1650978705.0,3.0,68.0
1650978706.0,6.0,75.0
1650978706.0,1.0,54.0
1650978706.0,9.0,80.0
1650978707.0,9.0,83.0
1650978708.0,6.0,72.0
1650978708.0,1.0,56.0
1650978708.0,3.0,68.0
1650978709.0,6.0,85.0
1650978709.0,3.0,66.0
1650978709.0,9.0,77.0
1650978710.0,3.0,74.0
1650978711.0,9.0,93.0
1650978712.0,6.0,83.0
1650978712.0,1.0,74.0
1650978714.0,3.0,66.0
1650978714.0,9.0,79.0
1650978715.0,6.0,82.0
1650978715.0,3.0,66.0
1650978716.0,9.0,79.0
1650978717.0,1.0,62.0
1650978717.0,3.0,67.0
1650978717.0,9.0,79.0
1650978718.0,6.0,70.0
1650978718.0,3.0,66.0
1650978718.0,1.0,57.0
1650978719.0,6.0,79.0
1650978719.0,1.0,53.0
1650978719.0,9.0,75.0
1650978721.0,6.0,84.0
1650978721.0,3.0,65.0
1650978722.0,1.0,65.0
1650978722.0,3.0,78.0
1650978723.0,6.0,83.0
1650978724.0,6.0,85.0
1650978724.0,3.0,68.0
1650978724.0,1.0,65.0
1650978725.0,3.0,74.0
1650978725.0,9.0,74.0
1650978726.0,6.0,78.0
1650978726.0,1.0,63.0
1650978727.0,3.0,65.0
1650978727.0,9.0,79.0
1650978728.0,3.0,65.0
1650978740.0,9.0,77.0
1650978742.0,6.0,76.0
1650978742.0,3.0,68.0
1650978742.0,9.0,74.0
1650978743.0,1.0,53.0
1650978743.0,3.0,64.0
1650978744.0,9.0,84.0
1650978745.0,1.0,58.0
1650978746.0,1.0,57.0
1650978746.0,3.0,70.0
1650978746.0,9.0,85.0
1650978747.0,6.0,77.0
1650978748.0,6.0,72.0
1650978748.0,1.0,55.0
1650978748.0,9.0,80.0
1650978749.0,1.0,60.0
1650978749.0,9.0,79.0
1650978751.0,6.0,79.0
1650978751.0,3.0,67.0
1650978751.0,9.0,81.0
1650978752.0,6.0,79.0
1650978752.0,9.0,82.0
1650978753.0,3.0,70.0
1650978754.0,9.0,85.0
1650978755.0,6.0,70.0
1650978755.0,1.0,55.0
1650978755.0,9.0,83.0
1650978756.0,3.0,63.0
1650978757.0,6.0,85.0
1650978757.0,1.0,56.0
1650978757.0,1.0,67.0
1650978758.0,6.0,89.0
1650978758.0,3.0,72.0
1650978759.0,3.0,67.0
1650978759.0,9.0,86.0
1650978760.0,6.0,93.0
1650978760.0,1.0,68.0
1650978761.0,3.0,68.0
1650978761.0,6.0,83.0
1650978762.0,3.0,66.0
1650978763.0,6.0,78.0
1650978763.0,1.0,59.0
1650978763.0,9.0,85.0
1650978763.0,9.0,82.0
1650978764.0,6.0,85.0
1650978764.0,3.0,69.0
1650978765.0,1.0,59.0
1650978765.0,3.0,65.0
1650978767.0,1.0,57.0
1650978767.0,3.0,62.0
1650978767.0,9.0,80.0
1650978768.0,1.0,57.0
1650978768.0,3.0,63.0
1650978768.0,9.0,81.0
1650978769.0,6.0,83.0
1650978770.0,1.0,65.0
1650978770.0,3.0,71.0
1650978771.0,6.0,92.0
1650978772.0,9.0,92.0
1650978772.0,1.0,68.0
1650978773.0,3.0,73.0
1650978773.0,9.0,89.0
1650978774.0,6.0,85.0
1650978774.0,1.0,57.0
1650978774.0,3.0,66.0
1650978775.0,1.0,56.0
1650978776.0,3.0,68.0
1650978777.0,1.0,57.0
1650978777.0,3.0,68.0
1650978777.0,9.0,81.0
1650978778.0,6.0,72.0
1650978778.0,1.0,56.0
1650978779.0,3.0,67.0
1650978780.0,6.0,70.0
1650978780.0,1.0,54.0
1650978781.0,6.0,76.0
1650978781.0,3.0,61.0
1650978782.0,1.0,68.0
1650978782.0,3.0,72.0
1650978784.0,1.0,75.0
1650978785.0,6.0,84.0
1650978785.0,3.0,65.0
1650978787.0,6.0,78.0
1650978787.0,1.0,74.0
1650978787.0,9.0,79.0
1650978788.0,6.0,77.0
1650978788.0,3.0,64.0
1650978788.0,9.0,82.0
1650978789.0,6.0,77.0
1650978789.0,1.0,56.0
1650978789.0,3.0,64.0
1650978790.0,1.0,56.0
1650978791.0,6.0,78.0
1650978791.0,1.0,55.0
1650978791.0,3.0,61.0
1650978791.0,3.0,61.0
1650978792.0,6.0,78.0
1650978793.0,9.0,85.0
1650978794.0,6.0,79.0
1650978794.0,1.0,68.0
1650978794.0,3.0,61.0
1650978795.0,6.0,79.0
1650978795.0,9.0,88.0
1650978796.0,9.0,93.0
1650978797.0,6.0,91.0
1650978797.0,1.0,63.0
1650978797.0,3.0,70.0
1650978810.0,3.0,75.0
1650978811.0,1.0,55.0
1650978812.0,1.0,59.0
1650978812.0,6.0,74.0
1650978814.0,6.0,79.0
1650978814.0,1.0,53.0
1650978814.0,3.0,65.0
1650978814.0,3.0,60.0
1650978815.0,6.0,76.0
1650978816.0,9.0,90.0
1650978817.0,1.0,55.0
1650978817.0,3.0,61.0
1650978818.0,6.0,86.0
1650978818.0,3.0,61.0
1650978818.0,9.0,85.0
1650978819.0,1.0,74.0
1650978820.0,1.0,69.0
1650978820.0,3.0,71.0
1650978820.0,9.0,85.0
1650978821.0,3.0,68.0
1650978822.0,6.0,85.0
1650978822.0,3.0,65.0
1650978824.0,3.0,66.0
1650978825.0,1.0,58.0
1650978826.0,6.0,79.0
1650978826.0,3.0,66.0
1650978826.0,9.0,79.0
1650978827.0,9.0,79.0
1650978827.0,3.0,71.0
1650978828.0,1.0,54.0
1650978828.0,9.0,83.0
1650978829.0,6.0,76.0
1650978829.0,1.0,57.0
1650978830.0,6.0,76.0
1650978830.0,9.0,85.0
1650978831.0,3.0,63.0
1650978831.0,1.0,61.0
1650978831.0,9.0,86.0
1650978832.0,3.0,63.0
1650978833.0,6.0,91.0
1650978833.0,1.0,70.0
1650978833.0,3.0,71.0
1650978833.0,9.0,91.0
1650978835.0,6.0,83.0
1650978835.0,1.0,58.0
1650978835.0,9.0,79.0
1650978836.0,6.0,80.0
1650978836.0,3.0,66.0
1650978837.0,1.0,55.0
1650978837.0,3.0,68.0
1650978837.0,9.0,77.0
1650978838.0,6.0,85.0
1650978838.0,9.0,81.0
1650978839.0,1.0,55.0
1650978839.0,3.0,64.0
1650978840.0,6.0,70.0
1650978840.0,3.0,65.0
1650978840.0,9.0,80.0
1650978841.0,6.0,71.0
1650978841.0,3.0,70.0
1650978842.0,1.0,64.0
1650978843.0,6.0,85.0
1650978843.0,3.0,65.0
1650978843.0,9.0,90.0
1650978844.0,6.0,91.0
1650978844.0,1.0,66.0
1650978844.0,3.0,65.0
1650978845.0,6.0,92.0
1650978845.0,3.0,72.0
1650978845.0,9.0,85.0
1650978847.0,3.0,66.0
1650978848.0,1.0,58.0
1650978848.0,9.0,88.0
1650978849.0,6.0,81.0
1650978850.0,1.0,55.0
1650978850.0,3.0,62.0
1650978850.0,9.0,77.0
1650978851.0,6.0,78.0
1650978851.0,1.0,53.0
1650978852.0,3.0,65.0
1650978852.0,9.0,78.0
1650978854.0,1.0,60.0
1650978854.0,9.0,81.0
1650978854.0,1.0,56.0
1650978856.0,1.0,63.0
1650978856.0,3.0,64.0
1650978856.0,9.0,84.0
1650978857.0,1.0,63.0
1650978859.0,1.0,63.0
1650978860.0,6.0,79.0
1650978860.0,1.0,55.0
1650978860.0,3.0,69.0
1650978860.0,9.0,77.0
1650978861.0,6.0,76.0
1650978861.0,3.0,71.0
1650978862.0,1.0,60.0
1650978863.0,6.0,80.0
1650978863.0,3.0,73.0
1650978863.0,9.0,83.0
1650978864.0,6.0,72.0
1650978865.0,1.0,59.0
1650978866.0,6.0,77.0
1650978866.0,3.0,65.0
1650978866.0,9.0,81.0
1650978867.0,1.0,63.0
1650978867.0,3.0,67.0
1650978868.0,6.0,87.0
1650978868.0,9.0,85.0
1650978872.0,6.0,80.0
1650978872.0,1.0,63.0
1650978872.0,3.0,68.0
1650978873.0,6.0,83.0
1650978873.0,3.0,66.0
1650978873.0,9.0,83.0
1650978874.0,6.0,73.0
1650978874.0,1.0,56.0
1650978874.0,3.0,68.0
1650978875.0,9.0,79.0
1650978875.0,1.0,55.0
1650978875.0,3.0,63.0
1650978876.0,6.0,74.0
1650978876.0,9.0,78.0
1650978877.0,6.0,82.0
1650978877.0,1.0,53.0
1650978877.0,3.0,65.0
1650978878.0,3.0,72.0
1650978879.0,6.0,68.0
1650978879.0,9.0,81.0
1650978880.0,1.0,49.0
1650978881.0,6.0,68.0
1650978881.0,3.0,66.0
1650978882.0,1.0,52.0
1650978883.0,1.0,55.0
1650978884.0,6.0,85.0
1650978884.0,3.0,66.0
1650978884.0,9.0,76.0
1650978885.0,6.0,85.0
1650978885.0,3.0,71.0
1650978885.0,9.0,76.0
1650978886.0,1.0,51.0
1650978887.0,6.0,72.0
1650978887.0,3.0,63.0
1650978887.0,9.0,78.0
1650978888.0,6.0,79.0
1650978888.0,3.0,63.0
1650978888.0,1.0,60.0
1650978889.0,1.0,57.0
1650978890.0,6.0,85.0
1650978890.0,3.0,70.0
1650978890.0,9.0,92.0
1650978900.0,6.0,78.0
1650978901.0,1.0,56.0
1650978902.0,6.0,77.0
1650978902.0,3.0,67.0
1650978903.0,6.0,74.0
1650978903.0,9.0,79.0
1650978904.0,1.0,60.0
1650978905.0,6.0,83.0
1650978905.0,9.0,80.0
1650978906.0,6.0,77.0
1650978906.0,3.0,71.0
1650978906.0,9.0,81.0
1650978907.0,6.0,70.0
1650978907.0,1.0,53.0
1650978908.0,1.0,60.0
1650978909.0,3.0,64.0
1650978910.0,1.0,65.0
1650978911.0,6.0,85.0
1650978911.0,3.0,64.0
1650978911.0,9.0,85.0
1650978912.0,1.0,65.0
1650978913.0,6.0,84.0
1650978913.0,3.0,68.0
1650978914.0,6.0,80.0
1650978914.0,1.0,57.0
1650978915.0,3.0,68.0
1650978915.0,1.0,56.0
1650978916.0,6.0,79.0
1650978916.0,3.0,73.0
1650978917.0,1.0,54.0
1650978918.0,6.0,70.0
1650978918.0,3.0,64.0
1650978919.0,9.0,88.0
1650978920.0,6.0,75.0
1650978920.0,3.0,72.0
1650978921.0,1.0,65.0
1650978921.0,3.0,70.0
1650978922.0,6.0,85.0
1650978922.0,9.0,92.0
1650978923.0,3.0,64.0
1650978923.0,9.0,85.0
1650978924.0,6.0,85.0
1650978924.0,1.0,65.0
1650978924.0,3.0,64.0
1650978925.0,6.0,85.0
1650978925.0,9.0,82.0
1650978926.0,3.0,68.0
1650978927.0,1.0,57.0
1650978927.0,3.0,68.0
1650978927.0,9.0,79.0
1650978928.0,6.0,80.0
1650978928.0,3.0,68.0
1650978929.0,6.0,80.0
1650978930.0,6.0,81.0
1650978930.0,1.0,57.0
1650978930.0,3.0,68.0
1650978931.0,1.0,57.0
1650978932.0,1.0,57.0
1650978932.0,3.0,68.0
1650978933.0,6.0,75.0
1650978933.0,9.0,83.0
1650978934.0,3.0,64.0
1650978936.0,6.0,70.0
1650978936.0,3.0,64.0
1650978937.0,1.0,65.0
1650978939.0,3.0,64.0
1650978940.0,6.0,91.0
1650978940.0,9.0,92.0
1650978940.0,1.0,71.0
1650978941.0,3.0,69.0
1650978942.0,1.0,61.0
1650978942.0,9.0,88.0
1650978943.0,6.0,81.0
1650978943.0,9.0,83.0
1650978944.0,6.0,79.0
1650978944.0,3.0,72.0
1650978945.0,1.0,55.0
1650978946.0,6.0,70.0
1650978946.0,3.0,64.0
1650978946.0,9.0,83.0
1650978948.0,6.0,70.0
1650978948.0,9.0,83.0
1650978950.0,6.0,82.0
1650978950.0,1.0,54.0
1650978950.0,3.0,64.0
1650978950.0,1.0,73.0
1650978951.0,3.0,64.0
1650978952.0,6.0,84.0
1650978952.0,1.0,65.0
1650978952.0,9.0,89.0
1650978953.0,1.0,57.0
1650978954.0,3.0,68.0
1650978955.0,1.0,57.0
1650978955.0,3.0,68.0
1650978955.0,9.0,83.0
1650978955.0,6.0,81.0
1650978957.0,1.0,56.0
1650978957.0,3.0,72.0
1650978957.0,6.0,80.0
1650978957.0,9.0,84.0
1650978959.0,6.0,70.0
1650978959.0,1.0,54.0
1650978959.0,9.0,82.0
